date,level,flow,temp,src
2016-01-01,108,2.108,7.6,a
2016-01-02,108,2.082,7.4,a
2016-01-03,108,2.143,7,a
2016-01-04,109,2.189,6.9,a
2016-01-05,109,2.192,7.2,a
2016-01-06,109,2.22,7.6,a
2016-01-07,109,2.165,8.1,a
2016-01-08,108,2.157,8.3,a
2016-01-09,112,2.674,8.1,a
2016-01-10,170,24.392,5.9,a
2016-01-11,175,27.268,7.2,a
2016-01-12,200,43.898,7.1,a
2016-01-13,159,19.009,6.5,a
2016-01-14,147,13.611,6.1,a
2016-01-15,142,11.498,6.5,a
2016-01-16,137,9.437,6.3,a
2016-01-17,131,7.011,5.5,a
2016-01-18,128,6.09,5.1,a
2016-01-19,127,5.624,4.8,a
2016-01-20,125,5.11,5,a
2016-01-21,124,4.723,5.2,a
2016-01-22,122,4.365,5.7,a
2016-01-23,120,3.859,5.3,a
2016-01-24,119,3.809,5.2,a
2016-01-25,118,3.548,6.5,a
2016-01-26,118,3.494,6.9,a
2016-01-27,117,3.35,7.1,a
2016-01-28,116,3.261,7.8,a
2016-01-29,117,3.314,7.9,a
2016-01-30,116,3.186,7.8,a
2016-01-31,117,3.447,8.4,a
2016-02-01,119,3.732,8.6,a
2016-02-02,118,3.463,8.7,a
2016-02-03,124,5.594,9,a
2016-02-04,148,14.067,6.8,a
2016-02-05,131,7.076,6.7,a
2016-02-06,126,5.389,6.8,a
2016-02-07,124,4.859,7.6,a
2016-02-08,137,9.437,8.1,a
2016-02-09,150,14.913,8.1,a
2016-02-10,215,56.409,7.4,a
2016-02-11,178,28.993,6.7,a
2016-02-12,158,18.538,6.1,a
2016-02-13,157,18.071,6.1,a
2016-02-14,157,18.071,6.5,a
2016-02-15,178,28.993,6.7,a
2016-02-16,193,38.672,6.5,a
2016-02-17,181,30.783,6.5,a
2016-02-18,179,29.582,6.7,a
2016-02-19,187,34.574,7.1,a
2016-02-20,179,29.582,7.3,a
2016-02-21,167,22.957,7,a
2016-02-22,156,17.608,7.7,a
2016-02-23,149,15.554,8.5,a
2016-02-24,149,14.535,8.2,a
2016-02-25,144,12.513,7.4,a
2016-02-26,142,11.291,7.3,a
2016-02-27,139,10.154,6.8,a
2016-02-28,141,10.916,7,a
2016-02-29,160,19.675,7.5,a
2016-03-01,159,18.822,8,a
2016-03-02,151,15.174,7.6,a
2016-03-03,158,18.637,7.4,a
2016-03-04,153,16.431,7.4,a
2016-03-05,147,13.667,7.2,a
2016-03-06,163,20.948,7.7,a
2016-03-07,186,34.482,7.1,a
2016-03-08,173,26.035,7.3,a
2016-03-09,159,19.243,7.4,a
2016-03-10,153,16.063,8,a
2016-03-11,148,13.938,8.4,a
2016-03-12,144,12.214,8.5,a
2016-03-13,141,10.979,8.2,a
2016-03-14,138,9.881,8.3,a
2016-03-15,136,9.081,7.5,a
2016-03-16,135,8.439,7.2,a
2016-03-17,132,7.447,8.2,a
2016-03-18,131,6.894,8.4,a
2016-03-19,130,6.51,8.8,a
2016-03-20,129,6.209,9.1,a
2016-03-21,129,6.302,8.9,a
2016-03-22,128,5.921,9.3,a
2016-03-23,127,5.563,8.6,a
2016-03-24,126,5.401,8.3,a
2016-03-25,125,4.978,8.6,a
2016-03-26,124,4.733,9.2,a
2016-03-27,122,4.451,9.1,a
2016-03-28,122,4.334,9.2,a
2016-03-29,122,4.412,9.7,a
2016-03-30,122,4.353,9.9,a
2016-03-31,124,4.928,10.5,a
2016-04-01,129,6.171,11,a
2016-04-02,129,6.426,10.5,a
2016-04-03,128,6.09,10.1,a
2016-04-04,130,6.727,10.6,a
2016-04-05,132,7.38,10.6,a
2016-04-06,135,8.524,10.3,a
2016-04-07,134,8.406,10.7,a
2016-04-08,134,8.355,10,a
2016-04-09,134,8.271,9.7,a
2016-04-10,132,7.414,10,a
2016-04-11,131,7.128,10.9,a
2016-04-12,131,6.941,10.9,a
2016-04-13,129,6.408,11.1,a
2016-04-14,138,10.019,10.7,a
2016-04-15,133,7.834,10.6,a
2016-04-16,127,5.724,11.3,a
2016-04-17,127,5.586,11.5,a
2016-04-18,126,5.387,11,a
2016-04-19,128,5.922,10.3,a
2016-04-20,127,5.76,10.2,a
2016-04-21,127,5.564,10.6,a
2016-04-22,127,5.635,11.2,a
2016-04-23,127,5.796,10.9,a
2016-04-24,127,5.647,10.4,a
2016-04-25,125,5.144,9.5,a
2016-04-26,124,4.849,9.3,a
2016-04-27,128,6.246,9,a
2016-04-28,136,8.914,7,a
2016-04-29,140,10.867,8.8,a
2016-04-30,141,10.901,9.8,a
2016-05-01,142,11.508,10.1,a
2016-05-02,163,21.052,9.8,a
2016-05-03,156,17.492,10.4,a
2016-05-04,146,13.279,10.5,a
2016-05-05,140,10.79,11.2,a
2016-05-06,138,9.812,11.7,a
2016-05-07,136,9.2,12,a
2016-05-08,139,10.12,11.6,a
2016-05-09,139,10.207,11.5,a
2016-05-10,137,9.25,11.1,a
2016-05-11,138,9.744,10.6,a
2016-05-12,156,18.1,10.8,a
2016-05-13,164,21.387,10.4,a
2016-05-14,167,23.916,10.6,a
2016-05-15,201,45.073,10.6,a
2016-05-16,173,26.523,10.3,a
2016-05-17,157,18.036,10.3,a
2016-05-18,151,15.164,10.6,a
2016-05-19,147,13.779,10.4,a
2016-05-20,144,12.162,11.2,a
2016-05-21,141,10.945,11.8,a
2016-05-22,139,10.377,12.6,a
2016-05-23,142,11.342,12.1,a
2016-05-24,143,12.023,11.2,a
2016-05-25,139,10.223,11.7,a
2016-05-26,137,9.522,12.7,a
2016-05-27,137,9.608,12.8,a
2016-05-28,138,9.914,12.8,a
2016-05-29,140,10.48,12.4,a
2016-05-30,144,12.395,11.7,a
2016-05-31,147,13.507,11.2,a
2016-06-01,144,12.252,11.1,a
2016-06-02,144,12.407,11.3,a
2016-06-03,144,12.425,11.8,a
2016-06-04,142,11.346,12.2,a
2016-06-05,138,9.897,12.5,a
2016-06-06,138,9.642,12.4,a
2016-06-07,137,9.541,12.5,a
2016-06-08,145,13.144,13.1,a
2016-06-09,158,18.428,13,a
2016-06-10,162,20.616,12.4,a
2016-06-11,156,17.479,12.2,a
2016-06-12,166,22.297,12.6,a
2016-06-13,162,20.307,12.3,a
2016-06-14,154,16.605,12,a
2016-06-15,204,50.565,13,a
2016-06-16,183,32.263,12.6,a
2016-06-17,168,23.301,12.9,a
2016-06-18,160,19.356,12.1,a
2016-06-19,154,16.51,11.3,a
2016-06-20,153,16.269,11.7,a
2016-06-21,149,14.462,12.5,a
2016-06-22,144,12.531,13.4,a
2016-06-23,142,11.394,13.8,a
2016-06-24,140,10.668,14.3,a
2016-06-25,139,10.256,13.9,a
2016-06-26,143,12.125,13.6,a
2016-06-27,146,13.193,13.9,a
2016-06-28,140,10.688,13.5,a
2016-06-29,136,8.963,14.1,a
2016-06-30,134,8.085,14.4,a
2016-07-01,133,7.749,14.7,a
2016-07-02,132,7.397,14.8,a
2016-07-03,139,10.192,14.5,a
2016-07-04,136,9.203,14,a
2016-07-05,132,7.43,14.2,a
2016-07-06,155,17.258,15.7,a
2016-07-07,138,9.798,15,a
2016-07-08,133,7.867,14.7,a
2016-07-09,131,7.112,14.8,a
2016-07-10,130,6.479,15.2,a
2016-07-11,128,5.886,15.7,a
2016-07-12,127,5.574,15.8,a
2016-07-13,132,7.741,15.7,a
2016-07-14,149,14.334,15.5,a
2016-07-15,137,9.543,12.9,a
2016-07-16,131,7.179,12.3,a
2016-07-17,129,6.236,12.8,a
2016-07-18,127,5.566,14.1,a
2016-07-19,129,6.308,15.3,a
2016-07-20,125,5.212,15.4,a
2016-07-21,124,4.776,15.7,a
2016-07-22,125,5.357,16,a
2016-07-23,127,5.937,16.6,a
2016-07-24,123,4.52,15.9,a
2016-07-25,124,4.775,15.9,a
2016-07-26,124,4.916,15.3,a
2016-07-27,123,4.491,15.4,a
2016-07-28,127,5.61,15.2,a
2016-07-29,129,6.216,15.3,a
2016-07-30,125,5.137,15.3,a
2016-07-31,122,4.364,15.8,a
2016-08-01,130,7.085,15.7,a
2016-08-02,130,6.878,15.1,a
2016-08-03,124,4.805,15,a
2016-08-04,121,4.114,15.6,a
2016-08-05,120,3.869,15.7,a
2016-08-06,122,4.347,15.4,a
2016-08-07,119,3.676,15.2,a
2016-08-08,118,3.44,15.1,a
2016-08-09,117,3.286,15.4,a
2016-08-10,131,8.466,15.1,a
2016-08-11,140,10.587,13.1,a
2016-08-12,129,6.434,12.8,a
2016-08-13,124,4.964,13.7,a
2016-08-14,122,4.317,14.5,a
2016-08-15,121,4.201,15.2,a
2016-08-16,135,8.604,16.6,a
2016-08-17,129,6.516,15.8,a
2016-08-18,134,8.249,15.4,a
2016-08-19,133,7.834,15.6,a
2016-08-20,136,9.183,15.8,a
2016-08-21,145,13.009,16.4,a
2016-08-22,152,15.821,15.2,a
2016-08-23,139,10.28,13.8,a
2016-08-24,132,7.431,14.3,a
2016-08-25,129,6.131,14.5,a
2016-08-26,126,5.421,14.7,a
2016-08-27,124,4.884,14.8,a
2016-08-28,123,4.54,15,a
2016-08-29,121,4.231,15.3,a
2016-08-30,124,4.95,15.4,a
2016-08-31,121,4.169,15.2,a
2016-09-01,121,4.293,15.1,a
2016-09-02,125,5.194,15.8,a
2016-09-03,120,3.885,15.4,a
2016-09-04,119,3.65,15.3,a
2016-09-05,120,3.955,15.4,a
2016-09-06,118,3.603,14.5,a
2016-09-07,119,3.768,14.2,a
2016-09-08,118,3.58,14.7,a
2016-09-09,117,3.35,15,a
2016-09-10,116,3.186,15.1,a
2016-09-11,116,3.118,15.2,a
2016-09-12,116,3.126,15.3,a
2016-09-13,116,3.104,15.3,a
2016-09-14,116,3.131,15.2,a
2016-09-15,117,3.361,15.1,a
2016-09-16,117,3.341,15,a
2016-09-17,127,5.61,15.3,a
2016-09-18,120,3.993,13.8,a
2016-09-19,119,3.659,13.6,a
2016-09-20,118,3.487,13.8,a
2016-09-21,119,3.817,13.6,a
2016-09-22,118,3.54,13,a
2016-09-23,117,3.316,13.2,a
2016-09-24,116,3.131,13.6,a
2016-09-25,115,3.078,13.5,a
2016-09-26,115,3.064,13.3,a
2016-09-27,114,2.927,13.4,a
2016-09-28,115,2.94,13.4,a
2016-09-29,114,2.857,13.4,a
2016-09-30,114,2.821,13.6,a
2016-10-01,113,2.785,13.7,a
2016-10-02,115,3.021,13.6,a
2016-10-03,122,4.566,13.4,a
2016-10-04,119,3.761,12.3,a
2016-10-05,119,3.647,11.7,a
2016-10-06,118,3.587,11.2,a
2016-10-07,118,3.563,11.1,a
2016-10-08,117,3.418,11.3,a
2016-10-09,117,3.413,11.9,a
2016-10-10,117,3.426,11.5,a
2016-10-11,118,3.547,11.2,a
2016-10-12,115,3.052,11.2,a
2016-10-13,112,2.639,11.2,a
2016-10-14,112,2.566,11.5,a
2016-10-15,120,4.047,11.7,a
2016-10-16,122,4.394,11.5,a
2016-10-17,117,3.39,11.6,a
2016-10-18,115,3.018,12,a
2016-10-19,117,3.268,11.7,a
2016-10-20,133,8.196,11.1,a
2016-10-21,144,12.653,10.5,a
2016-10-22,130,6.606,10.1,a
2016-10-23,124,4.737,10.2,a
2016-10-24,124,4.752,10.9,a
2016-10-25,130,6.522,10.9,a
2016-10-26,157,18.365,11.3,a
2016-10-27,145,12.583,10.6,a
2016-10-28,141,11.173,9.7,a
2016-10-29,135,8.727,9.5,a
2016-10-30,132,7.497,9.5,a
2016-10-31,130,6.529,10,a
2016-11-01,127,5.772,9.4,a
2016-11-02,126,5.431,9.6,a
2016-11-03,125,5.234,9.8,a
2016-11-04,124,4.828,9,a
2016-11-05,125,5.308,8.9,a
2016-11-06,260,103.289,9.9,a
2016-11-07,265,109.296,9,a
2016-11-08,207,49.53,8.4,a
2016-11-09,188,35.244,8.1,a
2016-11-10,176,27.823,8.1,a
2016-11-11,158,18.53,8.2,a
2016-11-12,168,23.451,8.3,a
2016-11-13,153,16.263,7.6,a
2016-11-14,143,12.042,7.7,a
2016-11-15,139,10.451,6.9,a
2016-11-16,136,9.287,7.4,a
2016-11-17,135,8.904,8.3,a
2016-11-18,135,10.293,9.3,a
2016-11-19,235,75.586,9.3,a
2016-11-20,220,60.942,9.1,a
2016-11-21,188,35.244,9.1,a
2016-11-22,180,30.174,9.3,a
2016-11-23,172,25.584,9.3,a
2016-11-24,164,21.416,9.4,a
2016-11-25,157,18.067,9.7,a
2016-11-26,154,16.707,9.5,a
2016-11-27,150,14.956,9.3,a
2016-11-28,147,13.685,8.7,a
2016-11-29,142,11.64,6.6,a
2016-11-30,137,9.673,6.1,a
2016-12-01,136,9.159,6.2,a
2016-12-02,135,8.809,6.5,a
2016-12-03,133,8.271,6.9,a
2016-12-04,131,7.445,6.6,a
2016-12-05,130,6.883,7,a
2016-12-06,129,6.734,6.4,a
2016-12-07,127,6.038,6.4,a
2016-12-08,125,5.67,6.2,a
2016-12-09,123,5.22,6.2,a
2016-12-10,122,4.96,6.3,a
2016-12-11,121,4.736,6.4,a
2016-12-12,121,4.641,6.9,a
2016-12-13,120,4.424,7,a
2016-12-14,119,4.279,6.9,a
2016-12-15,118,4.096,7.1,a
2016-12-16,117,3.992,7.5,a
2016-12-17,116,3.848,6.9,a
2016-12-18,116,3.751,6.3,a
2016-12-19,115,3.651,6.7,a
2016-12-20,115,3.598,7.1,a
2016-12-21,114,3.44,7,a
2016-12-22,113,3.355,6.8,a
2016-12-23,113,3.278,6.7,a
2016-12-24,112,3.178,6.6,a
2016-12-25,112,3.156,6.9,a
2016-12-26,111,3.101,7.1,a
2016-12-27,111,3.041,7.5,a
2016-12-28,110,2.961,7.8,a
2016-12-29,111,3.052,7.7,a
2016-12-30,111,3.012,6.8,a
2016-12-31,110,2.889,6.4,a
2017-01-01,110,2.864,6.1,a
2017-01-02,110,2.884,6,a
2017-01-03,110,2.884,6.9,a
2017-01-04,109,2.848,6.6,a
2017-01-05,109,2.843,6.4,a
2017-01-06,109,2.765,5.9,a
2017-01-07,107,2.602,6.1,a
2017-01-08,108,2.674,6.1,a
2017-01-09,107,2.614,6.3,a
2017-01-10,108,2.66,6.4,a
2017-01-11,107,2.565,6.2,a
2017-01-12,107,2.565,6.5,a
2017-01-13,133,10.436,4.5,a
2017-01-14,130,7.39,4.2,a
2017-01-15,120,4.452,5.4,a
2017-01-16,115,3.709,5.5,a
2017-01-17,112,3.123,6.1,a
2017-01-18,110,2.977,6.3,a
2017-01-19,110,2.919,6.3,a
2017-01-20,109,2.823,6.1,a
2017-01-21,109,2.75,5.9,a
2017-01-22,109,2.745,5.8,a
2017-01-23,108,2.702,6.1,a
2017-01-24,108,2.665,6.2,a
2017-01-25,108,2.651,6.5,a
2017-01-26,107,2.605,6.9,a
2017-01-27,107,2.573,7.1,a
2017-01-28,107,2.551,6.7,a
2017-01-29,107,2.538,6.7,a
2017-01-30,107,2.551,6.6,a
2017-01-31,107,2.556,6.9,a
2017-02-01,132,9.062,5.2,a
2017-02-02,138,10.061,4.8,a
2017-02-03,135,8.907,5.8,a
2017-02-04,142,11.687,5.8,a
2017-02-05,157,18.19,5.2,a
2017-02-06,167,23.303,5.3,a
2017-02-07,153,16.459,5.8,a
2017-02-08,140,10.706,6.1,a
2017-02-09,132,7.913,5.7,a
2017-02-10,128,6.53,5.8,a
2017-02-11,126,5.766,6.1,a
2017-02-12,123,5.179,6.4,a
2017-02-13,122,4.852,6.6,a
2017-02-14,120,4.548,6.6,a
2017-02-15,119,4.264,6.4,a
2017-02-16,118,4.156,6.4,a
2017-02-17,117,4.029,6.8,a
2017-02-18,119,4.218,7.6,a
2017-02-19,117,4.006,7.9,a
2017-02-20,116,3.841,7.5,a
2017-02-21,116,3.738,7.4,a
2017-02-22,115,3.624,7.6,a
2017-02-23,115,3.541,8.2,a
2017-02-24,120,5.069,8.4,a
2017-02-25,148,14.319,6.1,a
2017-02-26,135,8.946,6.2,a
2017-02-27,129,6.866,7,a
2017-02-28,127,6.106,7.7,a
2017-03-01,155,17.974,7.1,a
2017-03-02,148,13.997,6.7,a
2017-03-03,139,10.26,7.7,a
2017-03-04,135,9.019,8.5,a
2017-03-05,163,21.228,7.9,a
2017-03-06,148,14.239,7.9,a
2017-03-07,142,11.694,8.2,a
2017-03-08,136,9.434,8.1,a
2017-03-09,133,8.161,8.2,a
2017-03-10,131,7.473,8.4,a
2017-03-11,129,6.635,8,a
2017-03-12,127,6.173,7.9,a
2017-03-13,126,5.884,8,a
2017-03-14,124,5.442,8.1,a
2017-03-15,123,5.12,8.7,a
2017-03-16,122,4.923,8.9,a
2017-03-17,122,4.825,9.2,a
2017-03-18,121,4.807,9.3,a
2017-03-19,121,4.709,9.2,a
2017-03-20,120,4.573,10.1,a
2017-03-21,121,4.668,10.6,a
2017-03-22,122,4.834,10.1,a
2017-03-23,121,4.658,10.2,a
2017-03-24,120,4.505,10.4,a
2017-03-25,120,4.418,10.5,a
2017-03-26,120,4.558,9.4,a
2017-03-27,119,4.32,8.7,a
2017-03-28,118,4.043,9.4,a
2017-03-29,118,4.053,10.1,a
2017-03-30,117,4.029,10.7,a
2017-03-31,117,4.029,11.1,a
2017-04-01,118,4.191,11.1,a
2017-04-02,119,4.241,11,a
2017-04-03,118,4.133,11,a
2017-04-04,120,4.623,11,a
2017-04-05,123,5.246,10.9,a
2017-04-06,120,4.474,11,a
2017-04-07,118,4.126,10.8,a
2017-04-08,117,3.891,11.4,a
2017-04-09,116,3.827,12,a
2017-04-10,117,4.004,12.1,a
2017-04-11,119,4.309,11.6,a
2017-04-12,119,4.311,11,a
2017-04-13,118,4.096,11.4,a
2017-04-14,118,4.044,12.1,a
2017-04-15,124,5.37,11.9,a
2017-04-16,125,5.587,11,a
2017-04-17,130,7.031,10.6,a
2017-04-18,125,5.602,9.8,a
2017-04-19,123,5.097,9,a
2017-04-20,119,4.355,9.2,a
2017-04-21,117,3.993,9.5,a
2017-04-22,116,3.785,10.2,a
2017-04-23,117,3.976,10.3,a
2017-04-24,116,3.801,10.1,a
2017-04-25,115,3.566,10.8,a
2017-04-26,115,3.643,10.9,a
2017-04-27,187,43.402,10,a
2017-04-28,301,161.887,9.4,a
2017-04-29,224,71.288,8.8,a
2017-04-30,189,40.741,9,a
2017-05-01,174,30.639,9.7,a
2017-05-02,163,24.279,10.1,a
2017-05-03,148,17.027,10,a
2017-05-04,140,13.526,10.1,a
2017-05-05,136,11.927,10.2,a
2017-05-06,133,10.607,10.6,a
2017-05-07,134,11.271,11.4,a
2017-05-08,131,10.021,11.3,a
2017-05-09,131,9.993,11.2,a
2017-05-10,131,9.825,10.8,a
2017-05-11,127,8.471,10.7,a
2017-05-12,130,9.578,11.8,a
2017-05-13,134,11.088,11.5,a
2017-05-14,132,10.241,11.7,a
2017-05-15,131,10.084,11.3,a
2017-05-16,131,9.783,11.5,a
2017-05-17,128,8.99,11.6,a
2017-05-18,126,8.082,11.9,a
2017-05-19,125,7.763,12.5,a
2017-05-20,128,8.903,11.6,a
2017-05-21,128,8.757,12,a
2017-05-22,123,7.15,12.5,a
2017-05-23,123,7.191,13.1,a
2017-05-24,123,7.098,12.5,a
2017-05-25,122,6.677,12.5,a
2017-05-26,119,6.054,12.5,a
2017-05-27,118,5.723,13,a
2017-05-28,117,5.493,13.2,a
2017-05-29,117,5.483,13.4,a
2017-05-30,117,5.473,13.8,a
2017-05-31,117,5.312,13.8,a
2017-06-01,119,6.046,14.2,a
2017-06-02,118,5.578,14,a
2017-06-03,116,5.225,14.1,a
2017-06-04,115,4.874,13.7,a
2017-06-05,114,4.704,13.2,a
2017-06-06,116,5.242,12.9,a
2017-06-07,138,12.683,12.9,a
2017-06-08,129,9.053,11.9,a
2017-06-09,122,6.93,12.5,a
2017-06-10,118,5.715,13.1,a
2017-06-11,116,5.137,13.6,a
2017-06-12,114,4.688,14.3,a
2017-06-13,112,4.366,14.9,a
2017-06-14,112,4.269,14.2,a
2017-06-15,111,4.075,14.2,a
2017-06-16,110,4.004,14.3,a
2017-06-17,112,4.362,14.5,a
2017-06-18,109,3.77,14.1,a
2017-06-19,107,3.526,14.4,a
2017-06-20,107,3.43,14.7,a
2017-06-21,107,3.405,15,a
2017-06-22,108,3.641,15.3,a
2017-06-23,107,3.411,15.3,a
2017-06-24,106,3.323,15.2,a
2017-06-25,109,3.875,14.7,a
2017-06-26,117,5.349,15.4,a
2017-06-27,110,4.047,14.8,a
2017-06-28,118,6.379,14.9,a
2017-06-29,176,32.754,14.9,a
2017-06-30,143,12.236,13,a
2017-07-01,152,16.087,14.6,a
2017-07-02,132,7.967,13.7,a
2017-07-03,126,5.765,13.8,a
2017-07-04,122,4.821,14.4,a
2017-07-05,119,4.235,15,a
2017-07-06,116,3.821,15.5,a
2017-07-07,115,3.554,15.6,a
2017-07-08,114,3.391,15.6,a
2017-07-09,112,3.162,16,a
2017-07-10,111,3.025,16.2,a
2017-07-11,112,3.367,16,a
2017-07-12,129,7.251,17.4,a
2017-07-13,119,4.278,16.4,a
2017-07-14,117,3.88,14.8,a
2017-07-15,113,3.356,14.5,a
2017-07-16,111,2.994,14.2,a
2017-07-17,109,2.839,14.4,a
2017-07-18,109,2.741,15.1,a
2017-07-19,108,2.633,15.6,a
2017-07-20,107,2.565,15.8,a
2017-07-21,106,2.516,15.9,a
2017-07-22,106,2.447,16.1,a
2017-07-23,105,2.405,16.1,a
2017-07-24,116,4.51,16.3,a
2017-07-25,124,5.492,16,a
2017-07-26,115,3.619,14.9,a
2017-07-27,110,2.901,14.9,a
2017-07-28,108,2.656,15.5,a
2017-07-29,106,2.46,15.9,a
2017-07-30,105,2.38,16,a
2017-07-31,105,2.373,16.1,a
2017-08-01,104,2.275,16.4,a
2017-08-02,104,2.244,16.5,a
2017-08-03,128,6.975,18.3,a
2017-08-04,112,3.229,17.2,a
2017-08-05,107,2.584,17.2,a
2017-08-06,106,2.512,16.9,a
2017-08-07,123,5.147,17.7,a
2017-08-08,113,3.357,16.2,a
2017-08-09,109,2.802,16.4,a
2017-08-10,107,2.615,16.2,a
2017-08-11,109,2.84,15.9,a
2017-08-12,107,2.561,15.1,a
2017-08-13,105,2.401,15,a
2017-08-14,105,2.376,15.6,a
2017-08-15,104,2.307,15.7,a
2017-08-16,105,2.328,15.8,a
2017-08-17,106,2.508,16,a
2017-08-18,105,2.393,16,a
2017-08-19,104,2.306,15.5,a
2017-08-20,114,3.436,15.7,a
2017-08-21,109,2.792,14.5,a
2017-08-22,105,2.409,14.5,a
2017-08-23,104,2.311,14.7,a
2017-08-24,104,2.251,15.1,a
2017-08-25,103,2.202,15.5,a
2017-08-26,102,2.126,15.6,a
2017-08-27,102,2.111,15.8,a
2017-08-28,106,2.727,16,a
2017-08-29,114,3.502,16.4,a
2017-08-30,106,2.504,16,a
2017-08-31,105,2.411,16.2,a
2017-09-01,108,2.758,16.1,a
2017-09-02,120,4.544,15.7,a
2017-09-03,126,5.967,14.9,a
2017-09-04,117,4.003,13.9,a
2017-09-05,112,3.16,14.4,a
2017-09-06,109,2.854,14.7,a
2017-09-07,121,5.172,14.9,a
2017-09-08,122,4.879,13.9,a
2017-09-09,115,3.673,13.8,a
2017-09-10,129,7.913,14.4,a
2017-09-11,162,20.771,13.6,a
2017-09-12,169,24.249,12.9,a
2017-09-13,166,22.458,12.3,a
2017-09-14,144,12.313,11.8,a
2017-09-15,203,48.245,11.9,a
2017-09-16,230,70.7,12,a
2017-09-17,207,49.857,12.2,a
2017-09-18,187,34.768,11.8,a
2017-09-19,214,56.311,11.5,a
2017-09-20,213,55.18,11.1,a
2017-09-21,181,30.848,11.2,a
2017-09-22,167,23.152,11.4,a
2017-09-23,160,19.322,11.7,a
2017-09-24,154,16.768,11.9,a
2017-09-25,144,12.295,11.7,a
2017-09-26,137,9.82,11.6,a
2017-09-27,135,8.794,11.8,a
2017-09-28,133,7.958,12,a
2017-09-29,130,7.008,11.8,a
2017-09-30,128,6.371,11.6,a
2017-10-01,126,5.851,11.5,a
2017-10-02,124,5.324,11.2,a
2017-10-03,122,4.97,11.3,a
2017-10-04,122,4.871,11.9,a
2017-10-05,120,4.481,12.2,a
2017-10-06,119,4.367,12.6,a
2017-10-07,118,4.134,11.4,a
2017-10-08,117,3.898,11.3,a
2017-10-09,116,3.698,11.7,a
2017-10-10,116,3.808,12.3,a
2017-10-11,115,3.625,12.3,a
2017-10-12,113,3.355,12.2,a
2017-10-13,112,3.213,12.3,a
2017-10-14,111,3.096,12.4,a
2017-10-15,110,2.972,12.5,a
2017-10-16,110,2.904,12.5,a
2017-10-17,109,2.823,12.5,a
2017-10-18,109,2.741,12.7,a
2017-10-19,108,2.726,12.3,a
2017-10-20,108,2.642,12.1,a
2017-10-21,107,2.62,12.2,a
2017-10-22,115,4.228,12,a
2017-10-23,142,11.663,10.6,a
2017-10-24,122,4.958,10.8,a
2017-10-25,116,3.858,10.8,a
2017-10-26,114,3.528,10.8,a
2017-10-27,113,3.379,11,a
2017-10-28,113,3.26,10.6,a
2017-10-29,112,3.123,10.6,a
2017-10-30,111,3.025,10.4,a
2017-10-31,109,2.848,9.8,a
2017-11-01,109,2.794,9.8,a
2017-11-02,108,2.736,10.4,a
2017-11-03,108,2.675,11.1,a
2017-11-04,107,2.627,11.3,a
2017-11-05,107,2.574,12,a
2017-11-06,120,4.505,11.5,a
2017-11-07,158,18.53,9.4,a
2017-11-08,157,18.067,9.4,a
2017-11-09,139,10.451,9.9,a
2017-11-10,132,7.769,10.3,a
2017-11-11,128,6.428,9.7,a
2017-11-12,125,5.626,9.7,a
2017-11-13,187,34.582,8.5,a
2017-11-14,160,19.471,8.3,a
2017-11-15,142,11.64,7.9,a
2017-11-16,136,9.287,8.6,a
2017-11-17,132,7.769,9,a
2017-11-18,131,7.394,9,a
2017-11-19,129,6.719,8.2,a
2017-11-20,127,6.149,7.7,a
2017-11-21,124,5.381,7.6,a
2017-11-22,123,5.147,8.9,a
2017-11-23,121,4.752,9,a
2017-11-24,119,4.369,8.7,a
2017-11-25,120,4.451,9.1,a
2017-11-26,219,64.357,7.7,a
2017-11-27,168,23.693,6.9,a
2017-11-28,151,15.42,6.3,a
2017-11-29,154,17.059,6.9,a
2017-11-30,172,25.786,6.6,a
2017-12-01,156,17.752,7,a
2017-12-02,148,13.918,7.1,a
2017-12-03,142,11.727,6.5,a
2017-12-04,138,9.868,5.7,a
2017-12-05,134,8.446,5.7,a
2017-12-06,131,7.41,6.1,a
2017-12-07,129,6.821,6.3,a
2017-12-08,137,9.997,7.5,a
2017-12-09,189,37.026,6,a
2017-12-10,160,19.262,5.7,a
2017-12-11,205,50.493,6.4,a
2017-12-12,209,51.041,8.2,a
2017-12-13,192,38.08,7.4,a
2017-12-14,177,28.683,7.3,a
2017-12-15,192,39.445,7.9,a
2017-12-16,203,46.624,7.3,a
2017-12-17,176,27.99,6.7,a
2017-12-18,164,21.503,6.4,a
2017-12-19,156,17.616,6,a
2017-12-20,151,15.373,5.8,a
2017-12-21,147,13.705,5.7,a
2017-12-22,144,12.398,5.9,a
2017-12-23,138,10.132,6.2,a
2017-12-24,134,8.698,6.2,a
2017-12-25,132,7.894,6.3,a
2017-12-26,131,7.425,7,a
2017-12-27,137,10.107,7.8,a
2017-12-28,209,52.519,6.7,a
2017-12-29,169,24.112,6.6,a
2017-12-30,155,17.026,6.2,a
2017-12-31,147,13.534,6.3,a
2018-01-01,150,,7.2,a
2018-01-02,165,,6.7,a
2018-01-03,152,,6.9,a
2018-01-04,147,,6.5,a
2018-01-05,144,,7.6,a
2018-01-06,146,,8.5,a
2018-01-07,145,,8.8,a
2018-01-08,143,,8.6,a
2018-01-09,149,,8.5,a
2018-01-10,177,,7.9,a
2018-01-11,160,,7.8,a
2018-01-12,149,,7.5,a
2018-01-13,141,,7.7,a
2018-01-14,137,,7.3,a
2018-01-15,133,,6.6,a
2018-01-16,132,,6.7,a
2018-01-17,130,,7.3,a
2018-01-18,126,,6.5,a
2018-01-19,132,,7.1,a
2018-01-20,136,,6.7,a
2018-01-21,129,,6.7,a
2018-01-22,125,,6.4,a
2018-01-23,123,,6.6,a
2018-01-24,121,,6.6,a
2018-01-25,120,,6.7,a
2018-01-26,119,,7.9,a
2018-01-27,117,,7.8,a
2018-01-28,115,,7.6,a
2018-01-29,114,,7.3,a
2018-01-30,114,,7.3,a
2018-01-31,113,,7.5,a
2018-02-01,117,,8.1,a
2018-02-02,148,,6.1,a
2018-02-03,142,,5.4,a
2018-02-04,134,,6.4,a
2018-02-05,130,,6.5,a
2018-02-06,128,,6.5,a
2018-02-07,128,,5.7,a
2018-02-08,126,,6.6,a
2018-02-09,125,,6.9,a
2018-02-10,125,,6.9,a
2018-02-11,126,,6.5,a
2018-02-12,124,,5.7,a
2018-02-13,122,,6.1,a
2018-02-14,121,,6.1,a
2018-02-15,119,,5.3,a
2018-02-16,118,,5.5,a
2018-02-17,118,,6.7,a
2018-02-18,124,,6.7,a
2018-02-19,125,,6.1,a
2018-02-20,122,,6.3,a
2018-02-21,121,,6.4,a
2018-02-22,120,,6.2,a
2018-02-23,119,,6.2,a
2018-02-24,117,,6.4,a
2018-02-25,116,,5.2,a
2018-02-26,115,,4,a
2018-02-27,114,,4.1,a
2018-02-28,113,,4.2,a
2018-03-01,112,,4.3,a
2018-03-02,112,,4.9,a
2018-03-03,112,,5.3,a
2018-03-04,111,,6.2,a
2018-03-05,110,,6.6,a
2018-03-06,112,,5.8,a
2018-03-07,112,,7.3,a
2018-03-08,121,,7.3,a
2018-03-09,134,,6.4,a
2018-03-10,148,,6.6,a
2018-03-11,159,,6.5,a
2018-03-12,186,,6.9,a
2018-03-13,171,,7.5,a
2018-03-14,161,,8,a
2018-03-15,149,,8.1,a
2018-03-16,152,,8,a
2018-03-17,159,,7.4,a
2018-03-18,162,,6.9,a
2018-03-19,148,,6,a
2018-03-20,141,,5.9,a
2018-03-21,135,,6.3,a
2018-03-22,131,,6.5,a
2018-03-23,129,,6.5,a
2018-03-24,126,,7.2,a
2018-03-25,124,,7.5,a
2018-03-26,122,,7.6,a
2018-03-27,120,,8.6,a
2018-03-28,119,,9,a
2018-03-29,121,,9.2,a
2018-03-30,195,,8.2,a
2018-03-31,172,,8.5,a
2018-04-01,163,,8.7,a
2018-04-02,150,,8.7,a
2018-04-03,143,,9.5,a
2018-04-04,140,,9.3,a
2018-04-05,141,,9.6,a
2018-04-06,142,,10,a
2018-04-07,137,,9.7,a
2018-04-08,135,,10.2,a
2018-04-09,134,,10.2,a
2018-04-10,137,,10.2,a
2018-04-11,137,,10.6,a
2018-04-12,149,,10.3,a
2018-04-13,172,,9.9,a
2018-04-14,156,,9.8,a
2018-04-15,150,,10.1,a
2018-04-16,158,,10.4,a
2018-04-17,183,,10.5,a
2018-04-18,168,,10.4,a
2018-04-19,160,,10.3,a
2018-04-20,155,,10.6,a
2018-04-21,152,,10.7,a
2018-04-22,150,,10.8,a
2018-04-23,149,,10.7,a
2018-04-24,148,,10.6,a
2018-04-25,145,,10.8,a
2018-04-26,145,,10.4,a
2018-04-27,146,,10.5,a
2018-04-28,143,,10.5,a
2018-04-29,142,,10.6,a
2018-04-30,142,,10.7,a
2018-05-01,140,,10,a
2018-05-02,137,,10.6,a
2018-05-03,139,,11.5,a
2018-05-04,142,,10.7,a
2018-05-05,147,,10.8,a
2018-05-06,143,,10.7,a
2018-05-07,140,,10.9,a
2018-05-08,137,,10.7,a
2018-05-09,134,,10.7,a
2018-05-10,130,,11.2,a
2018-05-11,128,,10.9,a
2018-05-12,127,,11.3,a
2018-05-13,133,,11.7,a
2018-05-14,134,,11.1,a
2018-05-15,171,,11,a
2018-05-16,151,,10.3,a
2018-05-17,140,,10.8,a
2018-05-18,136,,11.2,a
2018-05-19,135,,11.3,a
2018-05-20,133,,11.5,a
2018-05-21,130,,11.9,a
2018-05-22,130,,11.5,a
2018-05-23,128,,11.6,a
2018-05-24,128,,11.9,a
2018-05-25,129,,12.5,a
2018-05-26,127,,12.5,a
2018-05-27,128,,12.8,a
2018-05-28,137,,13.1,a
2018-05-29,155,,12.6,a
2018-05-30,163,,12.2,a
2018-05-31,155,,12.2,a
2018-06-01,148,,12.1,a
2018-06-02,143,,12.2,a
2018-06-03,141,,12.6,a
2018-06-04,135,,12.7,a
2018-06-05,133,,12.3,a
2018-06-06,130,,12.8,a
2018-06-07,127,,12.8,a
2018-06-08,126,,12.7,a
2018-06-09,131,,13.7,a
2018-06-10,128,,13.7,a
2018-06-11,124,,13.7,a
2018-06-12,123,,13.5,a
2018-06-13,124,,12.9,a
2018-06-14,124,,12.7,a
2018-06-15,121,,12.5,a
2018-06-16,118,,12.9,a
2018-06-17,116,,12.8,a
2018-06-18,115,,13.3,a
2018-06-19,114,,13.5,a
2018-06-20,114,,13.9,a
2018-06-21,112,,14.5,a
2018-06-22,133,,14.8,a
2018-06-23,125,,12.7,a
2018-06-24,118,,12.9,a
2018-06-25,120,,13.1,a
2018-06-26,117,,12.9,a
2018-06-27,114,,13.3,a
2018-06-28,113,,12.9,a
2018-06-29,113,,13.1,a
2018-06-30,113,,13.9,a
2018-07-01,115,,14.3,a
2018-07-02,112,,13.5,a
2018-07-03,111,,13.7,a
2018-07-04,121,,15.1,a
2018-07-05,113,,15,a
2018-07-06,111,,14.4,a
2018-07-07,109,,14.5,a
2018-07-08,108,,14.2,a
2018-07-09,107,,14,a
2018-07-10,106,,14.4,a
2018-07-11,127,,15,a
2018-07-12,159,,15.2,a
2018-07-13,156,,15.7,a
2018-07-14,139,,15.7,a
2018-07-15,134,,15.9,a
2018-07-16,129,,14.9,a
2018-07-17,125,,14.9,a
2018-07-18,117,,14.7,a
2018-07-19,113,,15.1,a
2018-07-20,111,,15.3,a
2018-07-21,110,,14.9,a
2018-07-22,113,,15.2,a
2018-07-23,114,,14.8,a
2018-07-24,110,,14.8,a
2018-07-25,108,,15.6,a
2018-07-26,114,,15.8,a
2018-07-27,108,,15.4,a
2018-07-28,107,,15.7,a
2018-07-29,106,,16.3,a
2018-07-30,105,,16.5,a
2018-07-31,105,,16.7,a
2018-08-01,104,,16.8,a
2018-08-02,105,,17,a
2018-08-03,104,,16.6,a
2018-08-04,103,,16.6,a
2018-08-05,103,,16.6,a
2018-08-06,107,,17.1,a
2018-08-07,102,,16.9,a
2018-08-08,101,,16.9,a
2018-08-09,100,,16.8,a
2018-08-10,100,,16.6,a
2018-08-11,99,,16.4,a
2018-08-12,99,,16.2,a
2018-08-13,99,,16.1,a
2018-08-14,104,,16.4,a
2018-08-15,102,,15.8,a
2018-08-16,100,,15.5,a
2018-08-17,99,,15.7,a
2018-08-18,98,,16,a
2018-08-19,98,,16,a
2018-08-20,98,,16.1,a
2018-08-21,98,,16.3,a
2018-08-22,99,,16.4,a
2018-08-23,100,,16.5,a
2018-08-24,100,,16.3,a
2018-08-25,114,,16.3,a
2018-08-26,179,,13.8,a
2018-08-27,146,,12.5,a
2018-08-28,129,,12.7,a
2018-08-29,120,,13.5,a
2018-08-30,114,,14.1,a
2018-08-31,118,,14.6,a
2018-09-01,144,,14.3,a
2018-09-02,152,,13.1,a
2018-09-03,163,,13.6,a
2018-09-04,156,,13.3,a
2018-09-05,142,,13.1,a
2018-09-06,138,,13.4,a
2018-09-07,144,,14.3,a
2018-09-08,140,,14.1,a
2018-09-09,131,,13.8,a
2018-09-10,125,,14,a
2018-09-11,122,,14.2,a
2018-09-12,119,,14.1,a
2018-09-13,117,,14.2,a
2018-09-14,118,,14.5,a
2018-09-15,124,,15.1,a
2018-09-16,115,,14.5,a
2018-09-17,113,,14.5,a
2018-09-18,111,,14.6,a
2018-09-19,110,,14.7,a
2018-09-20,110,,15,a
2018-09-21,108,,14.9,a
2018-09-22,115,,14.2,a
2018-09-23,118,,12.8,a
2018-09-24,162,,14,a
2018-09-25,141,,12.5,a
2018-09-26,126,,11.4,a
2018-09-27,121,,11.4,a
2018-09-28,118,,12,a
2018-09-29,116,,12.5,a
2018-09-30,113,,12,a
2018-10-01,112,,11.5,a
2018-10-02,115,,12,a
2018-10-03,111,,11.7,a
2018-10-04,110,,12.1,a
2018-10-05,108,,12,a
2018-10-06,109,,12.6,a
2018-10-07,124,,13.2,a
2018-10-08,118,,13.3,a
2018-10-09,114,,13.2,a
2018-10-10,110,,13.1,a
2018-10-11,108,,12.8,a
2018-10-12,106,,12.7,a
2018-10-13,105,,12.8,a
2018-10-14,104,,12.6,a
2018-10-15,104,,12.4,a
2018-10-16,104,,12.6,a
2018-10-17,103,,13.2,a
2018-10-18,102,,13.6,a
2018-10-19,101,,13.2,a
2018-10-20,100,,12.8,a
2018-10-21,102,,12.5,a
2018-10-22,101,,11.7,a
2018-10-23,101,,11.6,a
2018-10-24,100,,12.1,a
2018-10-25,99,,12.3,a
2018-10-26,99,,12.2,a
2018-10-27,112,,12.7,a
2018-10-28,152,,12.3,a
2018-10-29,179,,11.2,a
2018-10-30,218,,10.9,a
2018-10-31,168,,9.6,a
2018-11-01,157,,9.3,a
2018-11-02,157,,10,a
2018-11-03,176,,10.9,a
2018-11-04,153,,10.6,a
2018-11-05,142,,10.6,a
2018-11-06,136,,10.8,a
2018-11-07,136,,10.8,a
2018-11-08,131,,10.7,a
2018-11-09,126,,10.6,a
2018-11-10,122,,10.7,a
2018-11-11,119,,10.8,a
2018-11-12,116,,11.2,a
2018-11-13,113,,11,a
2018-11-14,111,,10.7,a
2018-11-15,109,,10.3,a
2018-11-16,107,,9.6,a
2018-11-17,106,,8.9,a
2018-11-18,105,,8.1,a
2018-11-19,104,,8.2,a
2018-11-20,105,,7.9,a
2018-11-21,104,,8.3,a
2018-11-22,102,,8.8,a
2018-11-23,101,,9.2,a
2018-11-24,106,,9.4,a
2018-11-25,139,,8.9,a
2018-11-26,166,,9,a
2018-11-27,145,,8.9,a
2018-11-28,128,,7.8,a
2018-11-29,120,,6.9,a
2018-11-30,116,,6.8,a
2018-12-01,113,,6.9,a
2018-12-02,111,,7.3,a
2018-12-03,110,,8.3,a
2018-12-04,108,,9,a
2018-12-05,105,,8.7,a
2018-12-06,104,,8.6,a
2018-12-07,103,,8.4,a
2018-12-08,107,,8.7,a
2018-12-09,105,,8.2,a
2018-12-10,103,,7.7,a
2018-12-11,101,,7.5,a
2018-12-12,100,,6.9,a
2018-12-13,99,,6.6,a
2018-12-14,98,,6.9,a
2018-12-15,97,,6.9,a
2018-12-16,97,,6.8,a
2018-12-17,95,,6.9,a
2018-12-18,94,,6.6,a
2018-12-19,94,,7,a
2018-12-20,94,,7.5,a
2018-12-21,93,,7.8,a
2018-12-22,92,,8.3,a
2018-12-23,92,,8.4,a
2018-12-24,91,,8.6,a
2018-12-25,90,,7.7,a
2018-12-26,90,,7.1,a
2018-12-27,90,,6.6,a
2018-12-28,90,,6.7,a
2018-12-29,89,,6.7,a
2018-12-30,89,,7,a
2018-12-31,88,,7.2,a
2019-01-01,88,,8,a
2019-01-02,88,,7.3,a
2019-01-03,87,,6.9,a
2019-01-04,87,,6.9,a
2019-01-05,87,,7,a
2019-01-06,87,,6.9,a
2019-01-07,86,,7.4,a
2019-01-08,86,,7.4,a
2019-01-09,86,,7.3,a
2019-01-10,86,,7.5,a
2019-01-11,86,,7.4,a
2019-01-12,85,,7.4,a
2019-01-13,85,,7.5,a
2019-01-14,85,,7.9,a
2019-01-15,85,,7.7,a
2019-01-16,84,,7.9,a
2019-01-17,84,,8.7,a
2019-01-18,119,,6.3,a
2019-01-19,108,,5.8,a
2019-01-20,99,,6.3,a
2019-01-21,95,,6.4,a
2019-01-22,93,,6.5,a
2019-01-23,93,,6.3,a
2019-01-24,92,,6.5,a
2019-01-25,90,,6.4,a
2019-01-26,89,,5.7,a
2019-01-27,89,,5.8,a
2019-01-28,110,,5.3,a
2019-01-29,108,,5.9,a
2019-01-30,102,,6.5,a
2019-01-31,98,,6.2,a
2019-02-01,98,,6.4,a
2019-02-02,178,,5.7,a
2019-02-03,205,,6.9,a
2019-02-04,159,,6.8,a
2019-02-05,137,,6.2,a
2019-02-06,122,,5.9,a
2019-02-07,115,,5.7,a
2019-02-08,111,,6.2,a
2019-02-09,107,,6.3,a
2019-02-10,105,,6.6,a
2019-02-11,132,,6.5,a
2019-02-12,119,,6.2,a
2019-02-13,111,,6,a
2019-02-14,107,,6.3,a
2019-02-15,105,,6.5,a
2019-02-16,103,,6.6,a
2019-02-17,101,,6.7,a
2019-02-18,99,,6.9,a
2019-02-19,96,,7.1,a
2019-02-20,94,,7.3,a
2019-02-21,93,,7.8,a
2019-02-22,91,,8.1,a
2019-02-23,90,,6.8,a
2019-02-24,89,,6.1,a
2019-02-25,88,,7.2,a
2019-02-26,87,,7.7,a
2019-02-27,87,,8.3,a
2019-02-28,86,,8.4,a
2019-03-01,86,,8.4,a
2019-03-02,86,,8.5,a
2019-03-03,84,,9.1,a
2019-03-04,84,,9.2,a
2019-03-05,87,,9.1,a
2019-03-06,84,,9.1,a
2019-03-07,83,,9.9,a
2019-03-08,83,,10.1,a
2019-03-09,83,,10.2,a
2019-03-10,82,,10,a
2019-03-11,83,,9.2,a
2019-03-12,82,,9,a
2019-03-13,81,,9,a
2019-03-14,80,,9.5,a
2019-03-15,80,,9.6,a
2019-03-16,80,,9.7,a
2019-03-17,79,,10.2,a
2019-03-18,84,,9.7,a
2019-03-19,85,,8.8,a
2019-03-20,81,,9.3,a
2019-03-21,80,,9.5,a
2019-03-22,79,,9.7,a
2019-03-23,79,,10.2,a
2019-03-24,80,,10.6,a
2019-03-25,84,,10.2,a
2019-03-26,92,,9.6,a
2019-03-27,84,,9.2,a
2019-03-28,82,,9.5,a
2019-03-29,80,,10.3,a
2019-03-30,79,,10.5,a
2019-03-31,80,,10.7,a
2019-04-01,81,,11,a
2019-04-02,81,,11.2,a
2019-04-03,82,,11.3,a
2019-04-04,82,,10.8,a
2019-04-05,91,,10.7,a
2019-04-06,101,,9.8,a
2019-04-07,92,,9.9,a
2019-04-08,89,,10.3,a
2019-04-09,90,,10.6,a
2019-04-10,103,,10.4,a
2019-04-11,119,,9.9,a
2019-04-12,117,,8.9,a
2019-04-13,109,,8.8,a
2019-04-14,103,,9,a
2019-04-15,99,,10.1,a
2019-04-16,96,,10.6,a
2019-04-17,94,,10.9,a
2019-04-18,92,,11.2,a
2019-04-19,91,,11.3,a
2019-04-20,90,,11.7,a
2019-04-21,90,,11.7,a
2019-04-22,91,,11.8,a
2019-04-23,95,,11.2,a
2019-04-24,109,,10.6,a
2019-04-25,112,,10.9,a
2019-04-26,110,,11.2,a
2019-04-27,109,,10.5,a
2019-04-28,107,,9.3,a
2019-04-29,107,,9.5,a
2019-04-30,100,,10.1,a
2019-05-01,97,,11,a
2019-05-02,95,,11.6,a
2019-05-03,95,,11,a
2019-05-04,105,,10.7,a
2019-05-05,116,,9.9,a
2019-05-06,114,,9.2,a
2019-05-07,105,,9.9,a
2019-05-08,101,,10.5,a
2019-05-09,102,,10.6,a
2019-05-10,106,,11,a
2019-05-11,102,,11.5,a
2019-05-12,114,,10.9,a
2019-05-13,117,,9.8,a
2019-05-14,112,,9.3,a
2019-05-15,114,,8.8,a
2019-05-16,119,,9.8,a
2019-05-17,111,,10.9,a
2019-05-18,109,,11.1,a
2019-05-19,111,,11.4,a
2019-05-20,121,,11,a
2019-05-21,140,,10,a
2019-05-22,136,,10.2,a
2019-05-23,135,,11.5,a
2019-05-24,123,,12,a
2019-05-25,117,,11.9,a
2019-05-26,114,,11.9,a
2019-05-27,116,,11.3,a
2019-05-28,138,,11.4,a
2019-05-29,191,,11.2,a
2019-05-30,179,,10.4,a
2019-05-31,159,,10.7,a
2019-06-01,146,,11.1,a
2019-06-02,135,,11.7,a
2019-06-03,130,,11.9,a
2019-06-04,126,,12.2,a
2019-06-05,123,,12.7,a
2019-06-06,120,,12.7,a
2019-06-07,118,,12.5,a
2019-06-08,116,,12.4,a
2019-06-09,114,,12.5,a
2019-06-10,111,,12.8,a
2019-06-11,109,,12.7,a
2019-06-12,107,,12.9,a
2019-06-13,105,,13.4,a
2019-06-14,103,,13.2,a
2019-06-15,101,,13.1,a
2019-06-16,100,,13.8,a
2019-06-17,99,,13.8,a
2019-06-18,97,,13.9,a
2019-06-19,96,,13.6,a
2019-06-20,101,,14.1,a
2019-06-21,107,,14.1,a
2019-06-22,130,,14.4,a
2019-06-23,142,,13.4,a
2019-06-24,118,,13.7,a
2019-06-25,108,,14.2,a
2019-06-26,102,,14.8,a
2019-06-27,99,,15.2,a
2019-06-28,97,,15.3,a
2019-06-29,95,,14.7,a
2019-06-30,93,,14.7,a
2019-07-01,91,,15,a
2019-07-02,96,,15.5,a
2019-07-03,105,,15.1,a
2019-07-04,101,,14.2,a
2019-07-05,94,,14.4,a
2019-07-06,91,,15.3,a
2019-07-07,99,,15.7,a
2019-07-08,105,,16,a
2019-07-09,107,,15,a
2019-07-10,98,,14.6,a
2019-07-11,93,,14.1,a
2019-07-12,92,,14.5,a
2019-07-13,102,,14.9,a
2019-07-14,94,,14.9,a
2019-07-15,90,,15.1,a
2019-07-16,87,,14.9,a
2019-07-17,86,,15,a
2019-07-18,85,,15.5,a
2019-07-19,84,,15.6,a
2019-07-20,82,,15.7,a
2019-07-21,83,,16,a
2019-07-22,84,,16.5,a
2019-07-23,81,,16.2,a
2019-07-24,80,,16.4,a
2019-07-25,79,,16.6,a
2019-07-26,79,,16.6,a
2019-07-27,79,,16.3,a
2019-07-28,96,,16.6,a
2019-07-29,120,,15.7,a
2019-07-30,103,,14.6,a
2019-07-31,106,,15.9,a
2019-08-01,94,,15.5,a
2019-08-02,99,,15.8,a
2019-08-03,103,,15.8,a
2019-08-04,96,,15.2,a
2019-08-05,90,,15.1,a
2019-08-06,87,,15.6,a
2019-08-07,86,,15.9,a
2019-08-08,86,,15.4,a
2019-08-09,90,,15.7,a
2019-08-10,85,,16.2,a
2019-08-11,83,,16.2,a
2019-08-12,82,,16,a
2019-08-13,82,,15.9,a
2019-08-14,92,,15.7,a
2019-08-15,85,,14.8,a
2019-08-16,85,,15.3,a
2019-08-17,85,,14.9,a
2019-08-18,82,,15.4,a
2019-08-19,81,,15.9,a
2019-08-20,81,,16.1,a
2019-08-21,81,,16,a
2019-08-22,81,,15.2,a
2019-08-23,81,,15,a
2019-08-24,92,,16,a
2019-08-25,125,,16.5,a
2019-08-26,100,,14.8,a
2019-08-27,93,,15.3,a
2019-08-28,88,,15.6,a
2019-08-29,85,,15.7,a
2019-08-30,85,,15.7,a
2019-08-31,85,,15.3,a
2019-09-01,83,,15.6,a
2019-09-02,99,,16.2,a
2019-09-03,131,,16.5,a
2019-09-04,103,,14.1,a
2019-09-05,93,,14,a
2019-09-06,90,,13.9,a
2019-09-07,100,,13.9,a
2019-09-08,144,,14,a
2019-09-09,152,,13.3,a
2019-09-10,127,,12.6,a
2019-09-11,111,,12.6,a
2019-09-12,103,,13.2,a
2019-09-13,97,,13.6,a
2019-09-14,94,,13.7,a
2019-09-15,92,,14.2,a
2019-09-16,90,,14.3,a
2019-09-17,88,,14.6,a
2019-09-18,96,,14.5,a
2019-09-19,95,,13.3,a
2019-09-20,95,,12.7,a
2019-09-21,94,,12.3,a
2019-09-22,89,,12.2,a
2019-09-23,95,,13.3,a
2019-09-24,119,,13.8,a
2019-09-25,100,,12.7,a
2019-09-26,107,,13.4,a
2019-09-27,98,,13.1,a
2019-09-28,93,,13.2,a
2019-09-29,94,,13.5,a
2019-09-30,93,,13.6,a
2019-10-01,90,,13.6,a
2019-10-02,103,,13.6,a
2019-10-03,128,,12.6,a
2019-10-04,106,,11.2,a
2019-10-05,100,,11.6,a
2019-10-06,95,,11.6,a
2019-10-07,92,,11.8,a
2019-10-08,90,,11.4,a
2019-10-09,88,,11.3,a
2019-10-10,112,,12.1,a
2019-10-11,102,,11.6,a
2019-10-12,95,,11.6,a
2019-10-13,93,,11.9,a
2019-10-14,91,,12.2,a
2019-10-15,89,,12.3,a
2019-10-16,96,,12.8,a
2019-10-17,92,,12.5,a
2019-10-18,90,,12.2,a
2019-10-19,88,,12.5,a
2019-10-20,87,,12.7,a
2019-10-21,86,,13,a
2019-10-22,85,,12.8,a
2019-10-23,84,,12.7,a
2019-10-24,84,,12.4,a
2019-10-25,84,,12.1,a
2019-10-26,83,,11.8,a
2019-10-27,83,,11.7,a
2019-10-28,82,,11.7,a
2019-10-29,84,,11.8,a
2019-10-30,84,,11.1,a
2019-10-31,83,,10.8,a
2019-11-01,83,,10.6,a
2019-11-02,82,,10.7,a
2019-11-03,101,,11.3,a
2019-11-04,142,,10.2,a
2019-11-05,146,,9.8,a
2019-11-06,172,,10.1,a
2019-11-07,147,,9.6,a
2019-11-08,137,,8.9,a
2019-11-09,140,,9.5,a
2019-11-10,133,,9,a
2019-11-11,122,,9,a
2019-11-12,129,,9.3,a
2019-11-13,162,,9.4,a
2019-11-14,159,,9.1,a
2019-11-15,142,,9.3,a
2019-11-16,158,,9.7,a
2019-11-17,152,,9.9,a
2019-11-18,164,,9.6,a
2019-11-19,154,,9.3,a
2019-11-20,147,,9.3,a
2019-11-21,144,,9.6,a
2019-11-22,137,,9.5,a
2019-11-23,130,,9.7,a
2019-11-24,121,,9.7,a
2019-11-25,120,,9.6,a
2019-11-26,116,,9.3,a
2019-11-27,114,,9.1,a
2019-11-28,130,,9.7,a
2019-11-29,123,,9.2,a
2019-11-30,120,,8.7,a
2019-12-01,118,,7.9,a
2019-12-02,148,,7.8,a
2019-12-03,150,,7.9,a
2019-12-04,132,,6.9,a
2019-12-05,124,,6.8,a
2019-12-06,118,,6.4,a
2019-12-07,114,,7,a
2019-12-08,111,,7.1,a
2019-12-09,111,,8.1,a
2019-12-10,115,,8,a
2019-12-11,108,,6.5,a
2019-12-12,106,,6,a
2019-12-13,106,,6.5,a
2019-12-14,122,,6.5,a
2019-12-15,112,,6.7,a
2019-12-16,110,,7.8,a
2019-12-17,109,,9.1,a
2019-12-18,106,,9.5,a
2019-12-19,106,,9.7,a
2019-12-20,109,,9.6,a
2019-12-21,152,,9.1,a
2019-12-22,203,,8.5,a
2019-12-23,178,,8.3,a
2019-12-24,155,,7.5,a
2019-12-25,144,,7.1,a
2019-12-26,134,,6.9,a
2019-12-27,125,,7.1,a
2019-12-28,119,,6.8,a
2019-12-29,115,,5.7,a
2019-12-30,111,,5.4,a
2019-12-31,108,,5.7,a
2020-01-01,106,,6,a
2020-01-02,103,,5.9,a
2020-01-03,101,,5.8,a
2020-01-04,99,,6.3,a
2020-01-05,97,,6.6,a
2020-01-06,95,,6,a
2020-01-07,94,,5.5,a
2020-01-08,92,,5.6,a
2020-01-09,91,,6.2,a
2020-01-10,90,,6.4,a
2020-01-11,89,,6.4,a
2020-01-12,88,,7,a
2020-01-13,87,,6.5,a
2020-01-14,86,,6.5,a
2020-01-15,85,,6.6,a
2020-01-16,84,,6.9,a
2020-01-17,83,,7.5,a
2020-01-18,83,,7.6,a
2020-01-19,82,,7.6,a
2020-01-20,81,,7.3,a
2020-01-21,80,,7.3,a
2020-01-22,80,,6.8,a
2020-01-23,79,,6.6,a
2020-01-24,79,,6.5,a
2020-01-25,79,,7.1,a
2020-01-26,79,,8.2,a
2020-01-27,79,,8.6,a
2020-01-28,83,,8.6,a
2020-01-29,97,,7.4,a
2020-01-30,84,,7.4,a
2020-01-31,81,,7.9,a
2020-02-01,79,,8.7,a
2020-02-02,79,,9.1,a
2020-02-03,78,,9.6,a
2020-02-04,83,,9.4,a
2020-02-05,86,,7.7,a
2020-02-06,80,,7,a
2020-02-07,79,,7,a
2020-02-08,78,,7,a
2020-02-09,77,,7.2,a
2020-02-10,77,,8.4,a
2020-02-11,84,,8.7,a
2020-02-12,80,,8.9,a
2020-02-13,78,,8.1,a
2020-02-14,79,,8.7,a
2020-02-15,77,,8.4,a
2020-02-16,77,,8.3,a
2020-02-17,76,,8.8,a
2020-02-18,76,,9.4,a
2020-02-19,77,,9.3,a
2020-02-20,77,,8.4,a
2020-02-21,77,,8,a
2020-02-22,76,,8.2,a
2020-02-23,76,,8.7,a
2020-02-24,76,,9,a
2020-02-25,76,,9.2,a
2020-02-26,104,,8.5,a
2020-02-27,111,,7.1,a
2020-02-28,103,,7.5,a
2020-02-29,95,,7.3,a
2020-03-01,103,,8.3,a
2020-03-02,163,,8,a
2020-03-03,166,,8.3,a
2020-03-04,142,,8.1,a
2020-03-05,126,,7.4,a
2020-03-06,126,,7.6,a
2020-03-07,121,,8,a
2020-03-08,114,,7.8,a
2020-03-09,109,,7.9,a
2020-03-10,106,,8.3,a
2020-03-11,102,,8.8,a
2020-03-12,101,,9.4,a
2020-03-13,100,,9.3,a
2020-03-14,98,,9.3,a
2020-03-15,95,,8.9,a
2020-03-16,94,,8.2,a
2020-03-17,92,,8.7,a
2020-03-18,91,,10,a
2020-03-19,90,,10.2,a
2020-03-20,91,,10.4,a
2020-03-21,91,,10.5,a
2020-03-22,96,,9.4,a
2020-03-23,91,,7.6,a
2020-03-24,89,,7.4,a
2020-03-25,88,,7.5,a
2020-03-26,88,,7,a
2020-03-27,87,,8,a
2020-03-28,87,,9.4,a
2020-03-29,86,,10,a
2020-03-30,88,,9.5,a
2020-03-31,86,,8.3,a
2020-04-01,84,,8.5,a
2020-04-02,84,,8.6,a
2020-04-03,83,,9.2,a
2020-04-04,82,,10.2,a
2020-04-05,81,,10.4,a
2020-04-06,81,,10.7,a
2020-04-07,81,,10.7,a
2020-04-08,81,,10.6,a
2020-04-09,82,,10.7,a
2020-04-10,83,,11.3,a
2020-04-11,83,,11.8,a
2020-04-12,84,,12,a
2020-04-13,85,,11.7,a
2020-04-14,90,,10.4,a
2020-04-15,88,,9.3,a
2020-04-16,84,,10.7,a
2020-04-17,84,,11.6,a
2020-04-18,86,,12,a
2020-04-19,88,,12.4,a
2020-04-20,91,,11.7,a
2020-04-21,90,,10.6,a
2020-04-22,87,,11,a
2020-04-23,86,,11.3,a
2020-04-24,85,,11.5,a
2020-04-25,87,,12,a
2020-04-26,86,,12.3,a
2020-04-27,85,,12.3,a
2020-04-28,86,,11.7,a
2020-04-29,87,,11.4,a
2020-04-30,87,,11.8,a
2020-05-01,96,,12.5,a
2020-05-02,94,,11.8,a
2020-05-03,91,,11.5,a
2020-05-04,87,,11.4,a
2020-05-05,84,,11.2,a
2020-05-06,84,,11.2,a
2020-05-07,84,,11.5,a
2020-05-08,83,,12.3,a
2020-05-09,84,,12.7,a
2020-05-10,87,,12.5,a
2020-05-11,89,,11.5,a
2020-05-12,108,,10.7,a
2020-05-13,113,,9.6,a
2020-05-14,106,,11.2,a
2020-05-15,104,,11,a
2020-05-16,119,,10.1,a
2020-05-17,114,,10.2,a
2020-05-18,108,,11.1,a
2020-05-19,107,,10.9,a
2020-05-20,119,,10.9,a
2020-05-21,110,,11.1,a
2020-05-22,102,,11.2,a
2020-05-23,99,,11.8,a
2020-05-24,110,,12.9,a
2020-05-25,102,,11.4,a
2020-05-26,96,,11.6,a
2020-05-27,92,,11.6,a
2020-05-28,89,,11.5,a
2020-05-29,88,,11.5,a
2020-05-30,86,,11.5,a
2020-05-31,85,,11,a
2020-06-01,83,,12.2,a
2020-06-02,82,,12.9,a
2020-06-03,82,,13.1,a
2020-06-04,83,,13,a
2020-06-05,129,,11.5,a
2020-06-06,131,,10.8,a
2020-06-07,119,,11.2,a
2020-06-08,150,,11.6,a
2020-06-09,164,,11.1,a
2020-06-10,146,,10.9,a
2020-06-11,129,,11.2,a
2020-06-12,118,,11.9,a
2020-06-13,111,,12.6,a
2020-06-14,106,,12.6,a
2020-06-15,109,,12.3,a
2020-06-16,109,,12.3,a
2020-06-17,104,,12.1,a
2020-06-18,100,,13,a
2020-06-19,100,,13.3,a
2020-06-20,101,,13.1,a
2020-06-21,94,,12.5,a
2020-06-22,92,,13.3,a
2020-06-23,90,,14,a
2020-06-24,89,,14,a
2020-06-25,95,,13.3,a
2020-06-26,125,,14.2,a
2020-06-27,102,,14.2,a
2020-06-28,95,,14.7,a
2020-06-29,91,,14.8,a
2020-06-30,92,,13.9,a
2020-07-01,89,,14.3,a
2020-07-02,89,,15.1,a
2020-07-03,95,,14.6,a
2020-07-04,92,,14.5,a
2020-07-05,87,,14.6,a
2020-07-06,85,,15.3,a
2020-07-07,136,,15.6,a
2020-07-08,110,,13.6,a
2020-07-09,99,,14.2,a
2020-07-10,93,,15,a
2020-07-11,92,,15.1,a
2020-07-12,112,,14.8,a
2020-07-13,98,,13.7,a
2020-07-14,92,,13.7,a
2020-07-15,88,,14.1,a
2020-07-16,88,,14.9,a
2020-07-17,95,,14.8,a
2020-07-18,89,,13.7,a
2020-07-19,85,,14,a
2020-07-20,83,,15,a
2020-07-21,81,,15.6,a
2020-07-22,84,,16.1,a
2020-07-23,84,,16.1,a
2020-07-24,87,,15.7,a
2020-07-25,105,,13.8,a
2020-07-26,96,,13.7,a
2020-07-27,89,,14.7,a
2020-07-28,85,,15.5,a
2020-07-29,88,,16.3,a
2020-07-30,144,,17.6,a
2020-07-31,101,,16.8,a
2020-08-01,93,,16.6,a
2020-08-02,103,,16.3,a
2020-08-03,126,,15.5,a
2020-08-04,151,,15.2,a
2020-08-05,122,,13.3,a
2020-08-06,111,,13.6,a
2020-08-07,102,,14.4,a
2020-08-08,96,,14.9,a
2020-08-09,92,,15.3,a
2020-08-10,90,,15.4,a
2020-08-11,87,,15.3,a
2020-08-12,87,,15.2,a
2020-08-13,86,,15.8,a
2020-08-14,85,,15.8,a
2020-08-15,89,,15.8,a
2020-08-16,83,,15.6,a
2020-08-17,81,,15.5,a
2020-08-18,88,,15.7,a
2020-08-19,82,,15.2,a
2020-08-20,80,,15.2,a
2020-08-21,79,,15.8,a
2020-08-22,77,,16.1,a
2020-08-23,80,,16,a
2020-08-24,79,,15.4,a
2020-08-25,78,,14.8,a
2020-08-26,79,,15.2,a
2020-08-27,77,,15.4,a
2020-08-28,76,,15.8,a
2020-08-29,76,,16.1,a
2020-08-30,80,,15.9,a
2020-08-31,89,,15.1,a
2020-09-01,111,,14.7,a
2020-09-02,95,,13.4,a
2020-09-03,87,,13.4,a
2020-09-04,80,,13.9,a
2020-09-05,76,,14.6,a
2020-09-06,76,,15,a
2020-09-07,106,,15.4,a
2020-09-08,84,,14.4,a
2020-09-09,79,,14.2,a
2020-09-10,77,,14.6,a
2020-09-11,76,,14.9,a
2020-09-12,75,,14.9,a
2020-09-13,74,,15,a
2020-09-14,73,,15.2,a
2020-09-15,73,,15.2,a
2020-09-16,73,,15.2,a
2020-09-17,72,,15,a
2020-09-18,72,,14.9,a
2020-09-19,72,,14.2,a
2020-09-20,71,,13.7,a
2020-09-21,71,,14,a
2020-09-22,72,,14.5,a
2020-09-23,72,,14.9,a
2020-09-24,71,,14.8,a
2020-09-25,129,,14.7,a
2020-09-26,172,,12.1,a
2020-09-27,131,,10.9,a
2020-09-28,133,,11.4,a
2020-09-29,125,,11.3,a
2020-09-30,113,,11.2,a
2020-10-01,107,,11.3,a
2020-10-02,103,,11.8,a
2020-10-03,122,,11.9,a
2020-10-04,157,,12.3,a
2020-10-05,156,,11.6,a
2020-10-06,147,,11.1,a
2020-10-07,143,,11.2,a
2020-10-08,136,,10.9,a
2020-10-09,126,,10.7,a
2020-10-10,120,,11.1,a
2020-10-11,155,,11,a
2020-10-12,179,,10.5,a
2020-10-13,144,,10.2,a
2020-10-14,128,,10.2,a
2020-10-15,145,,10.2,a
2020-10-16,148,,10.4,a
2020-10-17,129,,10.5,a
2020-10-18,120,,10.4,a
2020-10-19,114,,10.6,a
2020-10-20,109,,10.5,a
2020-10-21,105,,10.7,a
2020-10-22,105,,11,a
2020-10-23,105,,11,a
2020-10-24,108,,11.3,a
2020-10-25,107,,11.2,a
2020-10-26,102,,11.3,a
2020-10-27,122,,11.1,a
2020-10-28,125,,10.3,a
2020-10-29,113,,9.9,a
2020-10-30,107,,10.3,a
2020-10-31,102,,10.7,a
2020-11-01,100,,10.5,a
2020-11-02,97,,10.9,a
2020-11-03,95,,11.1,a
2020-11-04,94,,10.9,a
2020-11-05,92,,11.1,a
2020-11-06,91,,10.4,a
2020-11-07,89,,9.3,a
2020-11-08,88,,8.9,a
2020-11-09,87,,8.9,a
2020-11-10,86,,9.3,a
2020-11-11,85,,9.4,a
2020-11-12,85,,9.6,a
2020-11-13,83,,9.8,a
2020-11-14,83,,9.7,a
2020-11-15,82,,9.6,a
2020-11-16,106,,9.5,a
2020-11-17,133,,9.1,a
2020-11-18,105,,8.8,a
2020-11-19,97,,8.5,a
2020-11-20,94,,8.7,a
2020-11-21,91,,7.9,a
2020-11-22,89,,6.9,a
2020-11-23,87,,6.9,a
2020-11-24,86,,7.5,a
2020-11-25,85,,7.1,a
2020-11-26,84,,7.2,a
2020-11-27,83,,7.4,a
2020-11-28,82,,7.7,a
2020-11-29,81,,8,a
2020-11-30,80,,7.3,a
2020-12-01,79,,6.9,a
2020-12-02,79,,6.7,a
2020-12-03,80,,5.9,a
2020-12-04,79,,6.9,a
2020-12-05,83,,7.3,a
2020-12-06,103,,6.5,a
2020-12-07,140,,6.7,a
2020-12-08,122,,6.9,a
2020-12-09,137,,6.7,a
2020-12-10,127,,7.1,a
2020-12-11,114,,7.5,a
2020-12-12,108,,7.7,a
2020-12-13,103,,7.8,a
2020-12-14,98,,7.5,a
2020-12-15,95,,7.1,a
2020-12-16,93,,7,a
2020-12-17,91,,7.2,a
2020-12-18,90,,7.4,a
2020-12-19,89,,7.9,a
2020-12-20,88,,8.1,a
2020-12-21,87,,8.2,a
2020-12-22,86,,8.5,a
2020-12-23,85,,9,a
2020-12-24,90,,9.3,a
2020-12-25,166,,7.8,a
2020-12-26,142,,6.9,a
2020-12-27,129,,5.8,a
2020-12-28,132,,5.7,a
2020-12-29,176,,6,a
2020-12-30,169,,7,a
2020-12-31,143,,7.1,a
2021-01-01,132,,6.9,a
2021-01-02,146,,7,a
2021-01-03,159,,7.2,a
2021-01-04,141,,7.6,a
2021-01-05,130,,7.5,a
2021-01-06,131,,6.7,a
2021-01-07,128,,6.8,a
2021-01-08,121,,6.9,a
2021-01-09,115,,6.3,a
2021-01-10,111,,6,a
2021-01-11,107,,5.9,a
2021-01-12,102,,5.1,a
2021-01-13,100,,5.1,a
2021-01-14,97,,5.5,a
2021-01-15,94,,5.4,a
2021-01-16,92,,5,a
2021-01-17,90,,4.8,a
2021-01-18,88,,5.6,a
2021-01-19,87,,5.7,a
2021-01-20,86,,6.5,a
2021-01-21,87,,7.5,a
2021-01-22,123,,7,a
2021-01-23,190,,6.8,a
2021-01-24,163,,6.7,a
2021-01-25,140,,6.4,a
2021-01-26,125,,6.1,a
2021-01-27,116,,5.8,a
2021-01-28,111,,5.6,a
2021-01-29,108,,6.1,a
2021-01-30,106,,6.6,a
2021-01-31,113,,6.4,a
2021-02-01,107,,6.2,a
2021-02-02,103,,6.3,a
2021-02-03,100,,7,a
2021-02-04,102,,8.4,a
2021-02-05,103,,8.8,a
2021-02-06,105,,8.9,a
2021-02-07,110,,9,a
2021-02-08,161,,8,a
2021-02-09,148,,7.7,a
2021-02-10,165,,7.3,a
2021-02-11,176,,6.8,a
2021-02-12,145,,5.4,a
2021-02-13,132,,4.7,a
2021-02-14,122,,5,a
2021-02-15,116,,5,a
2021-02-16,111,,6.1,a
2021-02-17,108,,6.6,a
2021-02-18,105,,6.8,a
2021-02-19,102,,7.6,a
2021-02-20,99,,8.1,a
2021-02-21,97,,8.6,a
2021-02-22,95,,8.3,a
2021-02-23,94,,8.1,a
2021-02-24,93,,8.3,a
2021-02-25,93,,8.6,a
2021-02-26,93,,8.5,a
2021-02-27,93,,8.3,a
2021-02-28,90,,7.9,a
2021-03-01,89,,7.6,a
2021-03-02,88,,7.9,a
2021-03-03,87,,7.9,a
2021-03-04,87,,8.4,a
2021-03-05,88,,8.9,a
2021-03-06,91,,8,a
2021-03-07,86,,7,a
2021-03-08,84,,7.3,a
2021-03-09,83,,8.1,a
2021-03-10,82,,8.1,a
2021-03-11,81,,7.9,a
2021-03-12,81,,8.5,a
2021-03-13,83,,9,a
2021-03-14,92,,8.4,a
2021-03-15,94,,7.7,a
2021-03-16,87,,8.2,a
2021-03-17,83,,7.9,a
2021-03-18,82,,7.6,a
2021-03-19,81,,7.7,a
2021-03-20,80,,7.3,a
2021-03-21,79,,7.4,a
2021-03-22,78,,7.7,a
2021-03-23,77,,8.5,a
2021-03-24,76,,9.1,a
2021-03-25,75,,9.6,a
2021-03-26,75,,10,a
2021-03-27,75,,10,a
2021-03-28,75,,9.6,a
2021-03-29,74,,9.9,a
2021-03-30,74,,10.9,a
2021-03-31,76,,11.4,a
2021-04-01,80,,11.6,a
2021-04-02,83,,11.5,a
2021-04-03,95,,10.8,a
2021-04-04,88,,9.2,a
2021-04-05,84,,9.3,a
2021-04-06,84,,8.3,a
2021-04-07,83,,7.5,a
2021-04-08,81,,8.2,a
2021-04-09,80,,9.1,a
2021-04-10,78,,10,a
2021-04-11,78,,10.1,a
2021-04-12,86,,10.2,a
2021-04-13,135,,8.2,a
2021-04-14,115,,8.3,a
2021-04-15,103,,8.5,a
2021-04-16,96,,9.2,a
2021-04-17,93,,9.5,a
2021-04-18,90,,9.4,a
2021-04-19,88,,9.6,a
2021-04-20,86,,10.2,a
2021-04-21,83,,10.5,a
2021-04-22,82,,11,a
2021-04-23,82,,11.4,a
2021-04-24,80,,11.5,a
2021-04-25,81,,11.8,a
2021-04-26,82,,11.2,a
2021-04-27,82,,9.4,a
2021-04-28,80,,9.8,a
2021-04-29,80,,11,a
2021-04-30,91,,11.9,a
2021-05-01,100,,11.5,a
2021-05-02,152,,10.3,a
2021-05-03,153,,9.1,a
2021-05-04,135,,9.3,a
2021-05-05,125,,9.6,a
2021-05-06,171,,9,a
2021-05-07,172,,8.9,a
2021-05-08,176,,9.5,a
2021-05-09,147,,10.1,a
2021-05-10,139,,11.1,a
2021-05-11,133,,11,a
2021-05-12,132,,10.4,a
2021-05-13,129,,10.2,a
2021-05-14,124,,10.1,a
2021-05-15,118,,10.5,a
2021-05-16,116,,10.8,a
2021-05-17,188,,10.4,a
2021-05-18,161,,10,a
2021-05-19,180,,9.9,a
2021-05-20,160,,10.3,a
2021-05-21,142,,10.6,a
2021-05-22,132,,10.5,a
2021-05-23,140,,10.4,a
2021-05-24,154,,9.3,a
2021-05-25,163,,10,a
2021-05-26,155,,10.2,a
2021-05-27,155,,10.4,a
2021-05-28,159,,11,a
2021-05-29,145,,10.7,a
2021-05-30,140,,10.5,a
2021-05-31,131,,10.7,a
2021-06-01,122,,11.4,a
2021-06-02,118,,11.7,a
2021-06-03,117,,12.1,a
2021-06-04,123,,12.5,a
2021-06-05,137,,12.7,a
2021-06-06,132,,11.7,a
2021-06-07,132,,11.4,a
2021-06-08,128,,11.5,a
2021-06-09,122,,11.4,a
2021-06-10,120,,11.5,a
2021-06-11,117,,11.6,a
2021-06-12,114,,11.7,a
2021-06-13,113,,12.2,a
2021-06-14,111,,12,a
2021-06-15,108,,12,a
2021-06-16,106,,12.7,a
2021-06-17,105,,12.9,a
2021-06-18,104,,13.1,a
2021-06-19,104,,13.1,a
2021-06-20,104,,13.1,a
2021-06-21,104,,13.4,a
2021-06-22,104,,13.2,a
2021-06-23,103,,12.8,a
2021-06-24,101,,13.3,a
2021-06-25,100,,13.2,a
2021-06-26,97,,13,a
2021-06-27,93,,13.4,a
2021-06-28,91,,13.8,a
2021-06-29,90,,14,a
2021-06-30,91,,14.2,a
2021-07-01,95,,13.2,a
2021-07-02,91,,13.1,a
2021-07-03,86,,13.5,a
2021-07-04,87,,13.8,a
2021-07-05,142,,15.9,a
2021-07-06,104,,14.2,a
2021-07-07,95,,14.7,a
2021-07-08,92,,14.8,a
2021-07-09,89,,14.9,a
2021-07-10,86,,14.5,a
2021-07-11,83,,14.7,a
2021-07-12,82,,15,a
2021-07-13,80,,14.9,a
2021-07-14,88,,15.4,a
2021-07-15,83,,14.1,a
2021-07-16,79,,13.5,a
2021-07-17,81,,13.6,a
2021-07-18,92,,13.8,a
2021-07-19,106,,14.4,a
2021-07-20,93,,13.6,a
2021-07-21,85,,14.2,a
2021-07-22,80,,14.5,a
2021-07-23,77,,14.7,a
2021-07-24,76,,15.1,a
2021-07-25,75,,15.3,a
2021-07-26,75,,15.3,a
2021-07-27,75,,14.8,a
2021-07-28,74,,15.2,a
2021-07-29,73,,15.8,a
2021-07-30,71,,15.9,a
2021-07-31,76,,16.2,a
2021-08-01,85,,15.9,a
2021-08-02,104,,13.8,a
2021-08-03,89,,13.4,a
2021-08-04,82,,13.7,a
2021-08-05,104,,14.8,a
2021-08-06,98,,13.8,a
2021-08-07,88,,14.2,a
2021-08-08,81,,14.7,a
2021-08-09,106,,15.5,a
2021-08-10,85,,15.3,a
2021-08-11,79,,15.6,a
2021-08-12,76,,15.5,a
2021-08-13,74,,15.7,a
2021-08-14,71,,16,a
2021-08-15,70,,16,a
2021-08-16,69,,16,a
2021-08-17,82,,16.1,a
2021-08-18,73,,14.9,a
2021-08-19,70,,14.7,a
2021-08-20,68,,15.2,a
2021-08-21,66,,15.3,a
2021-08-22,66,,15.6,a
2021-08-23,93,,15.5,a
2021-08-24,91,,14.3,a
2021-08-25,77,,14.4,a
2021-08-26,73,,14,a
2021-08-27,74,,14.6,a
2021-08-28,72,,13.9,a
2021-08-29,73,,13.9,a
2021-08-30,70,,13.7,a
2021-08-31,67,,13.9,a
2021-09-01,66,,14.3,a
2021-09-02,65,,14,a
2021-09-03,64,,14.3,a
2021-09-04,64,,14.3,a
2021-09-05,64,,14.1,a
2021-09-06,64,,14.1,a
2021-09-07,64,,14,a
2021-09-08,64,,14,a
2021-09-09,64,,13.6,a
2021-09-10,64,,13.8,a
2021-09-11,63,,14.1,a
2021-09-12,63,,14.3,a
2021-09-13,64,,14.5,a
2021-09-14,63,,14.7,a
2021-09-15,63,,14.8,a
2021-09-16,63,,15.5,a
2021-09-17,82,,15.1,a
2021-09-18,83,,13.8,a
2021-09-19,71,,13.7,a
2021-09-20,93,,13.3,a
2021-09-21,88,,11.9,a
2021-09-22,78,,12.2,a
2021-09-23,72,,12.5,a
2021-09-24,70,,12.9,a
2021-09-25,69,,13.1,a
2021-09-26,68,,13.5,a
2021-09-27,72,,14.1,a
2021-09-28,72,,14,a
2021-09-29,73,,14.1,a
2021-09-30,106,,14.6,a
2021-10-01,84,,12.7,a
2021-10-02,77,,13,a
2021-10-03,75,,12.9,a
2021-10-04,74,,13.3,a
2021-10-05,79,,13.2,a
2021-10-06,94,,13.1,a
2021-10-07,131,,11.4,a
2021-10-08,126,,10.9,a
2021-10-09,112,,10.6,a
2021-10-10,104,,9.9,a
2021-10-11,99,,10.2,a
2021-10-12,94,,10.4,a
2021-10-13,92,,10.4,a
2021-10-14,89,,10,a
2021-10-15,87,,10.1,a
2021-10-16,85,,10.1,a
2021-10-17,83,,10.6,a
2021-10-18,82,,10.3,a
2021-10-19,80,,10.8,a
2021-10-20,80,,11.3,a
2021-10-21,82,,11.8,a
2021-10-22,114,,11.1,a
2021-10-23,109,,10.4,a
2021-10-24,103,,9.6,a
2021-10-25,95,,9.1,a
2021-10-26,89,,9,a
2021-10-27,87,,9.1,a
2021-10-28,85,,9.3,a
2021-10-29,84,,9.3,a
2021-10-30,83,,9.1,a
2021-10-31,82,,9.2,a
2021-11-01,82,,9.5,a
2021-11-02,137,,9.7,a
2021-11-03,133,,9.5,a
2021-11-04,169,,9.9,a
2021-11-05,142,,8.6,a
2021-11-06,125,,9.1,a
2021-11-07,117,,9.3,a
2021-11-08,127,,9.2,a
2021-11-09,124,,8.9,a
2021-11-10,114,,8.4,a
2021-11-11,109,,8.4,a
2021-11-12,106,,8.6,a
2021-11-13,103,,9,a
2021-11-14,101,,9.5,a
2021-11-15,100,,9.5,a
2021-11-16,98,,9.4,a
2021-11-17,95,,9.4,a
2021-11-18,94,,9.6,a
2021-11-19,92,,9.1,a
2021-11-20,92,,8.5,a
2021-11-21,91,,8.3,a
2021-11-22,90,,8.6,a
2021-11-23,88,,8.7,a
2021-11-24,86,,7.8,a
2021-11-25,86,,7.3,a
2021-11-26,106,,7.6,a
2021-11-27,150,,6.8,a
2021-11-28,173,,7.3,a
2021-11-29,161,,6.9,a
2021-11-30,138,,6.5,a
2021-12-01,122,,6.3,a
2021-12-02,165,,7.1,a
2021-12-03,167,,7,a
2021-12-04,144,,6.6,a
2021-12-05,145,,6.6,a
2021-12-06,139,,6.8,a
2021-12-07,126,,6.5,a
2021-12-08,118,,6,a
2021-12-09,117,,5.5,a
2021-12-10,110,,6.5,a
2021-12-11,105,,6.3,a
2021-12-12,101,,5.9,a
2021-12-13,98,,6.1,a
2021-12-14,96,,6.5,a
2021-12-15,95,,6.9,a
2021-12-16,97,,7,a
2021-12-17,97,,6.7,a
2021-12-18,96,,6.3,a
2021-12-19,94,,6.2,a
2021-12-20,94,,5.6,a
2021-12-21,92,,5.9,a
2021-12-22,90,,6.2,a
2021-12-23,88,,6.2,a
2021-12-24,88,,6.5,a
2021-12-25,88,,7.1,a
2021-12-26,119,,6.8,a
2021-12-27,109,,6.8,a
2021-12-28,102,,7.3,a
2021-12-29,99,,7.5,a
2021-12-30,96,,7.2,a
2021-12-31,94,,7.1,a
2022-01-01,95,,6.6,a
2022-01-02,94,,6.7,a
2022-01-03,93,,6.7,a
2022-01-04,91,,7.8,a
2022-01-05,97,,8.6,a
2022-01-06,124,,6.6,a
2022-01-07,109,,5.8,a
2022-01-08,102,,4.7,a
2022-01-09,99,,4.8,a
2022-01-10,96,,5.6,a
2022-01-11,92,,5.4,a
2022-01-12,89,,4.9,a
2022-01-13,87,,4.5,a
2022-01-14,86,,4.8,a
2022-01-15,86,,5.3,a
2022-01-16,84,,5.6,a
2022-01-17,83,,5.5,a
2022-01-18,82,,5.6,a
2022-01-19,81,,5.7,a
2022-01-20,81,,5.4,a
2022-01-21,81,,5.8,a
2022-01-22,79,,5.5,a
2022-01-23,79,,6.3,a
2022-01-24,78,,6.7,a
2022-01-25,76,,6.6,a
2022-01-26,76,,6.5,a
2022-01-27,76,,6.3,a
2022-01-28,75,,6.3,a
2022-01-29,74,,6.5,a
2022-01-30,73,,6.5,a
2022-01-31,73,,6.4,a
2022-02-01,73,,6.9,a
2022-02-02,72,,7.2,a
2022-02-03,71,,7.2,a
2022-02-04,70,,7.8,a
2022-02-05,70,,8.2,a
2022-02-06,70,,7.9,a
2022-02-07,70,,8.5,a
2022-02-08,69,,7.8,a
2022-02-09,68,,7.6,a
2022-02-10,68,,7.5,a
2022-02-11,67,,8.1,a
2022-02-12,67,,7.9,a
2022-02-13,66,,7.4,a
2022-02-14,66,,7.2,a
2022-02-15,71,,7.9,a
2022-02-16,86,,7.1,a
2022-02-17,74,,7.8,a
2022-02-18,71,,8.1,a
2022-02-19,73,,9,a
2022-02-20,86,,8.2,a
2022-02-21,82,,7.9,a
2022-02-22,88,,7.3,a
2022-02-23,80,,7.5,a
2022-02-24,76,,7.9,a
2022-02-25,76,,7.9,a
2022-02-26,75,,7.8,a
2022-02-27,73,,7.7,a
2022-02-28,71,,7.5,a
2022-03-01,71,,7.4,a
2022-03-02,70,,7.3,a
2022-03-03,71,,7.4,a
2022-03-04,70,,7.8,a
2022-03-05,70,,7.5,a
2022-03-06,69,,7.6,a
2022-03-07,69,,7.6,a
2022-03-08,69,,7.6,a
2022-03-09,69,,7.7,a
2022-03-10,69,,8.2,a
2022-03-11,69,,8.6,a
2022-03-12,69,,7.8,a
2022-03-13,69,,7.8,a
2022-03-14,69,,8.4,a
2022-03-15,68,,8.8,a
2022-03-16,69,,9.9,a
2022-03-17,69,,10.2,a
2022-03-18,69,,10,a
2022-03-19,69,,9.6,a
2022-03-20,70,,9.7,a
2022-03-21,70,,9.3,a
2022-03-22,70,,9.4,a
2022-03-23,70,,9.8,a
2022-03-24,71,,10.2,a
2022-03-25,72,,10.6,a
2022-03-26,74,,10.7,a
2022-03-27,74,,10.8,a
2022-03-28,76,,10.8,a
2022-03-29,78,,10.8,a
2022-03-30,78,,10.3,a
2022-03-31,90,,9.9,a
2022-04-01,104,,9.3,a
2022-04-02,120,,8.3,a
2022-04-03,111,,7.8,a
2022-04-04,98,,8.6,a
2022-04-05,92,,9.2,a
2022-04-06,89,,10.1,a
2022-04-07,90,,10.7,a
2022-04-08,87,,10.5,a
2022-04-09,97,,9.7,a
2022-04-10,99,,8.4,a
2022-04-11,88,,9.5,a
2022-04-12,83,,10.3,a
2022-04-13,83,,10.9,a
2022-04-14,84,,11.5,a
2022-04-15,86,,11.1,a
2022-04-16,86,,10.7,a
2022-04-17,83,,9.9,a
2022-04-18,80,,10.2,a
2022-04-19,80,,10.3,a
2022-04-20,82,,10.2,a
2022-04-21,78,,10.3,a
2022-04-22,88,,10.2,a
2022-04-23,94,,10.5,a
2022-04-24,89,,11.3,a
2022-04-25,92,,11.1,a
2022-04-26,89,,10.6,a
2022-04-27,109,,11,a
2022-04-28,112,,10.7,a
2022-04-29,102,,11.1,a
2022-04-30,98,,11.6,a
2022-05-01,99,,11.5,a
2022-05-02,133,,11.5,a
2022-05-03,121,,11.7,a
2022-05-04,112,,11.9,a
2022-05-05,108,,11.9,a
2022-05-06,104,,11.2,a
2022-05-07,104,,10.7,a
2022-05-08,110,,11.2,a
2022-05-09,108,,11.6,a
2022-05-10,106,,12.1,a
2022-05-11,103,,12.5,a
2022-05-12,105,,12.9,a
2022-05-13,109,,12.7,a
2022-05-14,108,,13,a
2022-05-15,103,,12.8,a
2022-05-16,103,,13.4,a
2022-05-17,102,,12.8,a
2022-05-18,100,,12.6,a
2022-05-19,97,,12.3,a
2022-05-20,95,,13,a
2022-05-21,95,,13.5,a
2022-05-22,113,,13.7,a
2022-05-23,101,,13.4,a
2022-05-24,97,,13.1,a
2022-05-25,94,,13.4,a
2022-05-26,91,,13.3,a
2022-05-27,87,,13.6,a
2022-05-28,90,,12.7,a
2022-05-29,97,,10.5,a
2022-05-30,93,,10.3,a
2022-05-31,86,,12,a
2022-06-01,82,,13.6,a
2022-06-02,81,,14.2,a
2022-06-03,113,,14.9,a
2022-06-04,96,,15,a
2022-06-05,91,,15.1,a
2022-06-06,87,,15.3,a
2022-06-07,87,,14.7,a
2022-06-08,118,,14.7,a
2022-06-09,98,,12.5,a
2022-06-10,92,,12.5,a
2022-06-11,85,,13.7,a
2022-06-12,80,,14.3,a
2022-06-13,76,,14.8,a
2022-06-14,73,,15,a
2022-06-15,70,,15.3,a
2022-06-16,73,,16,a
2022-06-17,84,,16.7,a
2022-06-18,70,,16.4,a
2022-06-19,66,,16.5,a
2022-06-20,65,,17.1,a
2022-06-21,64,,17.7,a
2022-06-22,65,,17.3,a
2022-06-23,64,,17,a
2022-06-24,69,,17.6,a
2022-06-25,68,,17,a
2022-06-26,64,,17.9,a
2022-06-27,62,,18.6,a
2022-06-28,63,,19,a
2022-06-29,64,,18.6,a
2022-06-30,68,,18.2,a
2022-07-01,67,,17.9,a
2022-07-02,66,,17.7,a
2022-07-03,64,,18.2,a
2022-07-04,64,,18.4,a
2022-07-05,78,,18.2,a
2022-07-06,78,,17.1,a
2022-07-07,78,,16.7,a
2022-07-08,91,,16.2,a
2022-07-09,80,,15.6,a
2022-07-10,75,,15.5,a
2022-07-11,74,,15.8,a
2022-07-12,74,,15.9,a
2022-07-13,76,,16.2,a
2022-07-14,77,,16.6,a
2022-07-15,81,,16.3,a
2022-07-16,87,,17.2,a
2022-07-17,82,,16.8,a
2022-07-18,82,,16.4,a
2022-07-19,82,,16.4,a
2022-07-20,83,,16.8,a
2022-07-21,83,,16.9,a
2022-07-22,81,,17.1,a
2022-07-23,80,,17.2,a
2022-07-24,83,,17.7,a
2022-07-25,82,,17.6,a
2022-07-26,81,,16.8,a
2022-07-27,81,,17,a
2022-07-28,79,,16.8,a
2022-07-29,78,,17,a
2022-07-30,85,,16.7,a
2022-07-31,87,,16.3,a
2022-08-01,82,,16.8,a
2022-08-02,89,,17.3,a
2022-08-03,87,,17.1,a
2022-08-04,86,,17.3,a
2022-08-05,82,,17.5,a
2022-08-06,80,,17.2,a
2022-08-07,81,,16.8,a
2022-08-08,81,,16.5,a
2022-08-09,81,,16.6,a
2022-08-10,81,,16.4,a
2022-08-11,81,,16.1,a
2022-08-12,81,,15.9,a
2022-08-13,83,,15.5,a
2022-08-14,85,,15.8,a
2022-08-15,82,,16.3,a
2022-08-16,80,,16.5,a
2022-08-17,81,,17,a
2022-08-18,80,,16.8,a
2022-08-19,83,,16.6,a
2022-08-20,88,,16.8,a
2022-08-21,87,,16.6,a
2022-08-22,84,,15.9,a
2022-08-23,84,,16.1,a
2022-08-24,84,,16.5,a
2022-08-25,84,,16.6,a
2022-08-26,85,,16.9,a
2022-08-27,85,,16.7,a
2022-08-28,92,,16.8,a
2022-08-29,91,,17,a
2022-08-30,89,,17.1,a
2022-08-31,88,,16.5,a
2022-09-01,93,,16.4,a
2022-09-02,93,,15.7,a
2022-09-03,90,,15.7,a
2022-09-04,90,,16.2,a
2022-09-05,89,,16.4,a
2022-09-06,88,,16.7,a
2022-09-07,88,,17,a
2022-09-08,94,,16.3,a
2022-09-09,103,,15.7,a
2022-09-10,105,,15.2,a
2022-09-11,99,,15.1,a
2022-09-12,93,,15.2,a
2022-09-13,89,,15.5,a
2022-09-14,87,,15.9,a
2022-09-15,115,,16.2,a
2022-09-16,169,,14.4,a
2022-09-17,179,,12.5,a
2022-09-18,139,,11.7,a
2022-09-19,122,,12.4,a
2022-09-20,112,,12.3,a
2022-09-21,106,,12.5,a
2022-09-22,104,,12.1,a
2022-09-23,101,,12.1,a
2022-09-24,98,,12.1,a
2022-09-25,121,,12.6,a
2022-09-26,164,,12.4,a
2022-09-27,155,,12.1,a
2022-09-28,145,,11.4,a
2022-09-29,163,,11.7,a
2022-09-30,183,,11.7,a
2022-10-01,168,,11.8,a
2022-10-02,147,,11.1,a
2022-10-03,135,,11.6,a
2022-10-04,127,,11.3,a
2022-10-05,121,,11.7,a
2022-10-06,117,,12,a
2022-10-07,113,,12.3,a
2022-10-08,111,,12.5,a
2022-10-09,108,,12.5,a
2022-10-10,98,,12.6,a
2022-10-11,94,,12.4,a
2022-10-12,91,,12.5,a
2022-10-13,89,,12.4,a
2022-10-14,89,,12.2,a
2022-10-15,88,,12.1,a
2022-10-16,87,,12,a
2022-10-17,86,,12.4,a
2022-10-18,85,,12.2,a
2022-10-19,84,,12.4,a
2022-10-20,83,,12.7,a
2022-10-21,83,,12.2,a
2022-10-22,98,,12.8,a
2022-10-23,119,,11.7,a
2022-10-24,99,,12.3,a
2022-10-25,115,,12.9,a
2022-10-26,113,,11.8,a
2022-10-27,102,,12.1,a
2022-10-28,98,,11.8,a
2022-10-29,95,,11.7,a
2022-10-30,93,,11.8,a
2022-10-31,92,,11.8,a
2022-11-01,90,,11.6,a
2022-11-02,90,,12,a
2022-11-03,90,,12.5,a
2022-11-04,119,,11.7,a
2022-11-05,132,,9.4,a
2022-11-06,113,,8.9,a
2022-11-07,104,,9.5,a
2022-11-08,100,,9.4,a
2022-11-09,97,,9.8,a
2022-11-10,112,,10.9,a
2022-11-11,117,,10.7,a
2022-11-12,104,,10.2,a
2022-11-13,101,,10,a
2022-11-14,99,,10.4,a
2022-11-15,98,,10.8,a
2022-11-16,102,,10.8,a
2022-11-17,109,,10.5,a
2022-11-18,109,,10.4,a
2022-11-19,112,,9.7,a
2022-11-20,109,,9.1,a
2022-11-21,106,,8.7,a
2022-11-22,109,,8.5,a
2022-11-23,132,,8.2,a
2022-11-24,114,,8.5,a
2022-11-25,105,,8.2,a
2022-11-26,101,,8.1,a
2022-11-27,98,,7.8,a
2022-11-28,96,,7.8,a
2022-11-29,95,,8.2,a
2022-11-30,94,,8,a
2022-12-01,91,,8.2,a
2022-12-02,91,,8.3,a
2022-12-03,91,,8.2,a
2022-12-04,103,,7.9,a
2022-12-05,123,,7.7,a
2022-12-06,162,,8.2,a
2022-12-07,129,,8.1,a
2022-12-08,117,,8,a
2022-12-09,143,,7.6,a
2022-12-10,196,,8,a
2022-12-11,165,,7.5,a
2022-12-12,148,,6.9,a
2022-12-13,138,,6.1,a
2022-12-14,131,,6.4,a
2022-12-15,126,,6,a
2022-12-16,160,,6.6,a
2022-12-17,173,,7,a
2022-12-18,150,,6.8,a
2022-12-19,137,,6.7,a
2022-12-20,128,,6.8,a
2022-12-21,123,,7,a
2022-12-22,118,,7.8,a
2022-12-23,115,,8.3,a
2022-12-24,112,,8.7,a
2022-12-25,109,,8.6,a
2022-12-26,107,,8.7,a
2022-12-27,105,,8.9,a
2022-12-28,103,,8.5,a
2022-12-29,99,,7.8,a
2022-12-30,97,,8.9,a
2022-12-31,96,,9.2,a
2023-01-01,95,,9.4,a
2023-01-02,95,,9.1,a
2023-01-03,96,,9,a
2023-01-04,94,,9.2,a
2023-01-05,92,,9.1,a
2023-01-06,91,,8.7,a
2023-01-07,90,,8.5,a
2023-01-08,89,,8.7,a
2023-01-09,122,,8.6,a
2023-01-10,138,,7.9,a
2023-01-11,119,,6.9,a
2023-01-12,111,,7.3,a
2023-01-13,106,,7.3,a
2023-01-14,103,,7.7,a
2023-01-15,101,,7.5,a
2023-01-16,154,,6.2,a
2023-01-17,149,,6,a
2023-01-18,155,,6.5,a
2023-01-19,153,,6.6,a
2023-01-20,144,,6.5,a
2023-01-21,132,,5.9,a
2023-01-22,122,,6.3,a
2023-01-23,143,,6.1,a
2023-01-24,154,,6.5,a
2023-01-25,142,,6.8,a
2023-01-26,132,,6.7,a
2023-01-27,126,,6.4,a
2023-01-28,121,,6.2,a
2023-01-29,114,,6.5,a
2023-01-30,110,,6.5,a
2023-01-31,107,,6.1,a
2023-02-01,105,,6.1,a
2023-02-02,104,,6.3,a
2023-02-03,103,,7.1,a
2023-02-04,104,,7.2,a
2023-02-05,104,,6.6,a
2023-02-06,101,,5.8,a
2023-02-07,99,,5.3,a
2023-02-08,97,,5.1,a
2023-02-09,95,,5.5,a
2023-02-10,93,,5.3,a
2023-02-11,92,,5.5,a
2023-02-12,92,,6.4,a
2023-02-13,89,,7.4,a
2023-02-14,89,,7.1,a
2023-02-15,89,,6.9,a
2023-02-16,90,,6.9,a
2023-02-17,91,,7.4,a
2023-02-18,94,,8.1,a
2023-02-19,96,,8.3,a
2023-02-20,96,,7.9,a
2023-02-21,96,,8.1,a
2023-02-22,96,,8,a
2023-02-23,95,,7.8,a
2023-02-24,93,,7.9,a
2023-02-25,94,,8.7,a
2023-02-26,102,,7.4,a
2023-02-27,96,,6.6,a
2023-02-28,92,,6.7,a
2023-03-01,91,,7,a
2023-03-02,91,,7.4,a
2023-03-03,92,,7.9,a
2023-03-04,91,,8,a
2023-03-05,90,,7.7,a
2023-03-06,89,,7.5,a
2023-03-07,93,,8,a
2023-03-08,92,,8.5,a
2023-03-09,91,,9.4,a
2023-03-10,93,,9.7,a
2023-03-11,94,,9.7,a
2023-03-12,90,,9.1,a
2023-03-13,88,,8.7,a
2023-03-14,88,,9.6,a
2023-03-15,93,,9.2,a
2023-03-16,89,,8.5,a
2023-03-17,87,,8.4,a
2023-03-18,86,,8.8,a
2023-03-19,86,,9.3,a
2023-03-20,86,,9.6,a
2023-03-21,86,,9.8,a
2023-03-22,85,,10.6,a
2023-03-23,87,,10.7,a
2023-03-24,88,,10.8,a
2023-03-25,101,,10.4,a
2023-03-26,104,,9.5,a
2023-03-27,170,,8.8,a
2023-03-28,136,,8.1,a
2023-03-29,118,,8.3,a
2023-03-30,110,,9,a
2023-03-31,106,,9.5,a
2023-04-01,122,,9.8,a
2023-04-02,114,,10.1,a
2023-04-03,107,,10.1,a
2023-04-04,103,,8.5,a
2023-04-05,101,,8.3,a
2023-04-06,98,,8.6,a
2023-04-07,96,,9.2,a
2023-04-08,94,,9.7,a
2023-04-09,94,,9.5,a
2023-04-10,92,,9.7,a
2023-04-11,89,,9.7,a
2023-04-12,88,,10.4,a
2023-04-13,114,,10.1,a
2023-04-14,156,,8.3,a
2023-04-15,138,,8.9,a
2023-04-16,128,,9.3,a
2023-04-17,119,,10,a
2023-04-18,115,,10.4,a
2023-04-19,111,,11.1,a
2023-04-20,109,,10.5,a
2023-04-21,107,,10.8,a
2023-04-22,105,,11.2,a
2023-04-23,104,,11.6,a
2023-04-24,109,,11,a
2023-04-25,112,,10.6,a
2023-04-26,105,,10.7,a
2023-04-27,101,,11.2,a
2023-04-28,99,,11,a
2023-04-29,99,,11.7,a
2023-04-30,102,,12.3,a
2023-05-01,101,,11.2,a
2023-05-02,104,,10.9,a
2023-05-03,110,,10.5,a
2023-05-04,106,,10.9,a
2023-05-05,103,,11.9,a
2023-05-06,105,,12.3,a
2023-05-07,106,,12.3,a
2023-05-08,110,,11.2,a
2023-05-09,109,,10.7,a
2023-05-10,105,,10.3,a
2023-05-11,126,,10.4,a
2023-05-12,142,,10.1,a
2023-05-13,154,,10.4,a
2023-05-14,166,,10.4,a
2023-05-15,158,,11,a
2023-05-16,147,,10.6,a
2023-05-17,145,,10.1,a
2023-05-18,138,,10.4,a
2023-05-19,129,,10.8,a
2023-05-20,125,,11.5,a
2023-05-21,126,,12,a
2023-05-22,123,,12,a
2023-05-23,119,,12,a
2023-05-24,121,,11.4,a
2023-05-25,116,,12,a
2023-05-26,112,,12.2,a
2023-05-27,110,,12.3,a
2023-05-28,108,,12.2,a
2023-05-29,105,,12.5,a
2023-05-30,103,,12.4,a
2023-05-31,101,,11.6,a
2023-06-01,99,,12.4,a
2023-06-02,99,,12.8,a
2023-06-03,124,,13.2,a
2023-06-04,110,,12.4,a
2023-06-05,122,,12.2,a
2023-06-06,151,,12.3,a
2023-06-07,147,,12.5,a
2023-06-08,150,,12.6,a
2023-06-09,140,,12.8,a
2023-06-10,139,,12.7,a
2023-06-11,130,,12.4,a
2023-06-12,124,,12.6,a
2023-06-13,118,,12.5,a
2023-06-14,112,,12.5,a
2023-06-15,108,,12.9,a
2023-06-16,105,,12.6,a
2023-06-17,103,,12.8,a
2023-06-18,100,,13.3,a
2023-06-19,98,,14,a
2023-06-20,97,,14.4,a
2023-06-21,96,,14.6,a
2023-06-22,96,,14.5,a
2023-06-23,98,,14.4,a
2023-06-24,98,,13.6,a
2023-06-25,94,,13.9,a
2023-06-26,91,,14.5,a
2023-06-27,101,,14.2,a
2023-06-28,120,,14.3,a
2023-06-29,104,,13.4,a
2023-06-30,97,,14.1,a
2023-07-01,94,,13.9,a
2023-07-02,96,,14.4,a
2023-07-03,96,,13.6,a
2023-07-04,120,,13.9,a
2023-07-05,107,,13.4,a
2023-07-06,99,,13.3,a
2023-07-07,94,,14,a
2023-07-08,91,,14.4,a
2023-07-09,88,,15.1,a
2023-07-10,87,,15.4,a
2023-07-11,85,,15.7,a
2023-07-12,86,,15.4,a
2023-07-13,123,,15.7,a
2023-07-14,130,,15.3,a
2023-07-15,106,,14.8,a
2023-07-16,97,,15.5,a
2023-07-17,93,,15.8,a
2023-07-18,90,,15.9,a
2023-07-19,104,,16.2,a
2023-07-20,102,,16,a
2023-07-21,182,,15.1,a
2023-07-22,161,,13.7,a
2023-07-23,145,,14.3,a
2023-07-24,128,,14.4,a
2023-07-25,184,,14.8,a
2023-07-26,202,,14.2,a
2023-07-27,157,,13.3,a
2023-07-28,142,,13.7,a
2023-07-29,133,,14.5,a
2023-07-30,137,,15.1,a
2023-07-31,126,,14.3,a
2023-08-01,126,,13.8,a
2023-08-02,142,,14.5,a
2023-08-03,126,,14.2,a
2023-08-04,326,,14.5,a
2023-08-05,302,,13.3,a
2023-08-06,241,,12.4,a
2023-08-07,198,,12,a
2023-08-08,174,,11.8,a
2023-08-09,155,,11.7,a
2023-08-10,139,,12.4,a
2023-08-11,125,,13,a
2023-08-12,117,,13.4,a
2023-08-13,111,,14,a
2023-08-14,108,,14.5,a
2023-08-15,104,,14.6,a
2023-08-16,100,,14.8,a
2023-08-17,97,,15.6,a
2023-08-18,98,,16.2,a
2023-08-19,94,,15.9,a
2023-08-20,86,,15.6,a
2023-08-21,84,,15.7,a
2023-08-22,81,,15.8,a
2023-08-23,79,,15.7,a
2023-08-24,77,,16,a
2023-08-25,76,,16.3,a
2023-08-26,75,,16.2,a
2023-08-27,74,,16.1,a
2023-08-28,83,,16.1,a
2023-08-29,115,,15.8,a
2023-08-30,103,,13.9,a
2023-08-31,95,,14.2,a
2023-09-01,85,,14.2,a
2023-09-02,80,,14.6,a
2023-09-03,76,,14.7,a
2023-09-04,74,,14.9,a
2023-09-05,73,,14.5,a
2023-09-06,74,,14.5,a
2023-09-07,72,,14.7,a
2023-09-08,70,,14.7,a
2023-09-09,69,,14.7,a
2023-09-10,68,,14.8,a
2023-09-11,68,,14.9,a
2023-09-12,68,,15,a
2023-09-13,67,,15,a
2023-09-14,69,,15.1,a
2023-09-15,69,,15.3,a
2023-09-16,67,,14.9,a
2023-09-17,67,,15.1,a
2023-09-18,66,,14.9,a
2023-09-19,72,,15.6,a
2023-09-20,70,,14.1,a
2023-09-21,70,,14.8,a
2023-09-22,70,,15,a
2023-09-23,81,,14.3,a
2023-09-24,84,,12.6,a
2023-09-25,80,,12.3,a
2023-09-26,74,,13,a
2023-09-27,71,,13.5,a
2023-09-28,69,,13.5,a
2023-09-29,68,,13.4,a
2023-09-30,67,,13.2,a
2023-10-01,67,,13.6,a
2023-10-02,66,,13.7,a
2023-10-03,66,,14,a
2023-10-04,65,,13.5,a
2023-10-05,65,,13.2,a
2023-10-06,64,,13.5,a
2023-10-07,63,,13.2,a
2023-10-08,63,,13.7,a
2023-10-09,62,,13.7,a
2023-10-10,62,,13.6,a
2023-10-11,62,,13.6,a
2023-10-12,62,,13.7,a
2023-10-13,61,,13.6,a
2023-10-14,61,,14,a
2023-10-15,85,,13.8,a
2023-10-16,78,,11.9,a
2023-10-17,68,,10.8,a
2023-10-18,66,,11.4,a
2023-10-19,71,,12,a
2023-10-20,117,,12.1,a
2023-10-21,111,,11.7,a
2023-10-22,105,,11.9,a
2023-10-23,89,,11.4,a
2023-10-24,88,,11.7,a
2023-10-25,174,,11.6,a
2023-10-26,130,,10.6,a
2023-10-27,242,,11.8,a
2023-10-28,205,,11.2,a
2023-10-29,162,,10.4,a
2023-10-30,147,,10.8,a
2023-10-31,195,,11.4,a
2023-11-01,177,,10.2,a
2023-11-02,153,,10.3,a
2023-11-03,223,,10.9,a
2023-11-04,183,,9.8,a
2023-11-05,227,,10.5,a
2023-11-06,178,,10.3,a
2023-11-07,153,,9.8,a
2023-11-08,140,,9.6,a
2023-11-09,130,,9.4,a
2023-11-10,143,,10.1,a
2023-11-11,140,,10.1,a
2023-11-12,122,,9.1,a
2023-11-13,108,,9.3,a
2023-11-14,99,,10.4,a
2023-11-15,107,,10.6,a
2023-11-16,97,,9.3,a
2023-11-17,92,,9.8,a
2023-11-18,86,,8.7,a
2023-11-19,82,,8.4,a
2023-11-20,78,,8.4,a
2023-11-21,77,,9.3,a
2023-11-22,75,,9.1,a
2023-11-23,73,,8.6,a
2023-11-24,72,,8.1,a
2023-11-25,71,,8.3,a
2023-11-26,68,,7.4,a
2023-11-27,67,,7.4,a
2023-11-28,68,,8.6,a
2023-11-29,67,,8.2,a
2023-11-30,85,,7.1,a
2023-12-01,183,,7.8,a
2023-12-02,198,,8.7,a
2023-12-03,176,,7.5,a
2023-12-04,149,,6.9,a
2023-12-05,134,,7.2,a
2023-12-06,120,,7.7,a
2023-12-07,104,,7.8,a
2023-12-08,96,,7.4,a
2023-12-09,90,,7.6,a
2023-12-10,88,,7.7,a
2023-12-11,85,,7.7,a
2023-12-12,83,,8.1,a
2023-12-13,160,,8.1,a
2023-12-14,190,,8.1,a
2023-12-15,140,,8.1,a
2023-12-16,118,,7.7,a
2023-12-17,106,,7.2,a
2023-12-18,102,,7.1,a
2023-12-19,100,,6.9,a
2023-12-20,99,,6.8,a
2023-12-21,93,,6.9,a
2023-12-22,84,,7.7,a
2023-12-23,80,,7.4,a
2023-12-24,77,,7.5,a
2023-12-25,74,,8.3,a
2023-12-26,73,,8.6,a
2023-12-27,71,,8.3,a
2023-12-28,70,,9,a
2023-12-29,69,,8.7,a
2023-12-30,68,,9,a
2023-12-31,67,,8.8,a
2024-01-01,91,,8.7,a
2024-01-02,79,,7.8,a
2024-01-03,74,,8.5,a
2024-01-04,72,,8.9,a
2024-01-05,69,,8,a
2024-01-06,116,,8.3,a
2024-01-07,142,,8,a
2024-01-08,111,,7.3,a
2024-01-09,95,,6.6,a
2024-01-10,84,,6.1,a
2024-01-11,80,,5.6,a
2024-01-12,78,,5.6,a
2024-01-13,74,,6.3,a
2024-01-14,72,,6.2,a
2024-01-15,73,,7.4,a
2024-01-16,71,,7.3,a
2024-01-17,70,,7,a
2024-01-18,105,,7.5,a
2024-01-19,127,,6.1,a
2024-01-20,107,,4.9,a
2024-01-21,93,,4.7,a
2024-01-22,87,,4.8,a
2024-01-23,84,,5.7,a
2024-01-24,81,,6,a
2024-01-25,81,,6.7,a
2024-01-26,81,,6.5,a
2024-01-27,78,,6.4,a
2024-01-28,74,,5.9,a
2024-01-29,71,,5.6,a
2024-01-30,71,,5.7,a
2024-01-31,70,,5.9,a
2024-02-01,68,,6,a
2024-02-02,68,,6.8,a
2024-02-03,66,,6.8,a
2024-02-04,66,,7.1,a
2024-02-05,65,,7.3,a
2024-02-06,64,,7.6,a
2024-02-07,65,,8.3,a
2024-02-08,64,,8.5,a
2024-02-09,63,,9.1,a
2024-02-10,73,,9,a
2024-02-11,123,,8.4,a
2024-02-12,123,,8.4,a
2024-02-13,96,,8.3,a
2024-02-14,84,,7.4,a
2024-02-15,78,,7.5,a
2024-02-16,75,,7.8,a
2024-02-17,71,,8.1,a
2024-02-18,69,,9.1,a
2024-02-19,67,,8.4,a
2024-02-20,63,,8.5,a
2024-02-21,60,,8.2,a
2024-02-22,60,,8.1,a
2024-02-23,67,,8.5,a
2024-02-24,107,,8.1,a
2024-02-25,81,,8.2,a
2024-02-26,73,,8.1,a
2024-02-27,69,,8.4,a
2024-02-28,69,,9.2,a
2024-02-29,66,,9.1,a
2024-03-01,68,,9.1,a
2024-03-02,71,,9.5,a
2024-03-03,72,,9.8,a
2024-03-04,69,,9.3,a
2024-03-05,67,,9.8,a
2024-03-06,74,,9.3,a
2024-03-07,70,,9,a
2024-03-08,76,,8,a
2024-03-09,75,,8.1,a
2024-03-10,81,,8.4,a
2024-03-11,128,,8.5,a
2024-03-12,120,,9,a
2024-03-13,100,,8.9,a
2024-03-14,89,,9,a
2024-03-15,81,,9.6,a
2024-03-16,77,,10.1,a
2024-03-17,73,,10.1,a
2024-03-18,70,,10.2,a
2024-03-19,68,,9.8,a
2024-03-20,68,,9.4,a
2024-03-21,76,,9.5,a
2024-03-22,81,,10,a
2024-03-23,78,,9.7,a
2024-03-24,104,,9.1,a
2024-03-25,81,,9,a
2024-03-26,71,,8.9,a
2024-03-27,71,,9.5,a
2024-03-28,108,,8.8,a
2024-03-29,134,,9.5,a
2024-03-30,113,,9.7,a
2024-03-31,102,,9.4,a
2024-04-01,101,,9.4,a
2024-04-02,111,,9.1,a
2024-04-03,101,,8.8,a
2024-04-04,93,,9.5,a
2024-04-05,84,,9.9,a
2024-04-06,81,,10.9,a
2024-04-07,81,,11.6,a
2024-04-08,97,,11.9,a
2024-04-09,125,,11.3,a
2024-04-10,127,,10.6,a
2024-04-11,125,,10.1,a
2024-04-12,124,,10.2,a
2024-04-13,123,,10.3,a
2024-04-14,123,,10.5,a
2024-04-15,124,,10.7,a
2024-04-16,125,,10.3,a
2024-04-17,123,,8.6,a
2024-04-18,120,,8.3,a
2024-04-19,116,,8.2,a
2024-04-20,114,,8.5,a
2024-04-21,113,,8.4,a
2024-04-22,111,,8.5,a
2024-04-23,113,,8.7,a
2024-04-24,118,,8.7,a
2024-04-25,118,,9.1,a
2024-04-26,117,,9.9,a
2024-04-27,116,,10.4,a
2024-04-28,114,,11.2,a
2024-04-29,115,,12,a
2024-04-30,115,,12.9,a
2024-05-01,115,,12.9,a
2024-05-02,117,,12.5,a
2024-05-03,126,,11,a
2024-05-04,127,,11.1,a
2024-05-05,124,,11.3,a
2024-05-06,123,,11.2,a
2024-05-07,122,,11.1,a
2024-05-08,136,,11.3,a
2024-05-09,132,,11.6,a
2024-05-10,127,,11.5,a
2024-05-11,124,,11.9,a
2024-05-12,123,,12.3,a
2024-05-13,122,,12.2,a
2024-05-14,123,,11.8,a
2024-05-15,121,,12.2,a
2024-05-16,120,,12.2,a
2024-05-17,143,,11.9,a
2024-05-18,133,,11.6,a
2024-05-19,130,,11.7,a
2024-05-20,128,,12.1,a
2024-05-21,138,,12.1,a
2024-05-22,152,,12.1,a
2024-05-23,141,,11.7,a
2024-05-24,136,,11.9,a
2024-05-25,132,,11.8,a
2024-05-26,130,,12,a
2024-05-27,128,,12.4,a
2024-05-28,127,,12.8,a
2024-05-29,126,,12.7,a
2024-05-30,125,,12.6,a
2024-05-31,150,,12.6,a
2024-06-01,160,,12,a
2024-06-02,141,,12.1,a
2024-06-03,153,,12.4,a
2024-06-04,159,,12.2,a
2024-06-05,149,,12.2,a
2024-06-06,140,,12.8,a
2024-06-07,134,,13.4,a
2024-06-08,133,,13.8,a
2024-06-09,131,,13.8,a
2024-06-10,130,,13.5,a
2024-06-11,161,,13.5,a
2024-06-12,159,,12.5,a
2024-06-13,150,,11.8,a
2024-06-14,142,,12,a
2024-06-15,138,,12.7,a
2024-06-16,134,,13.3,a
2024-06-17,129,,13.6,a
2024-06-18,125,,14.4,a
2024-06-19,124,,14.9,a
2024-06-20,123,,15.1,a
2024-06-21,122,,15,a
2024-06-22,121,,15.2,a
2024-06-23,120,,15.5,a
2024-06-24,117,,14.8,a
2024-06-25,117,,14.7,a
2024-06-26,118,,15,a
2024-06-27,116,,15,a
2024-06-28,114,,15.6,a
2024-06-29,113,,16.2,a
2024-06-30,112,,16.6,a
2024-07-01,124,,16.5,a
2024-07-02,128,,16,a
2024-07-03,120,,15.2,a
2024-07-04,117,,15,a
2024-07-05,114,,15.4,a
2024-07-06,110,,16,a
2024-07-07,110,,16.1,a
2024-07-08,110,,16.3,a
2024-07-09,111,,16.9,a
2024-07-10,108,,17.2,a
2024-07-11,107,,17.2,a
2024-07-12,108,,17.4,a
2024-07-13,111,,18,a
2024-07-14,108,,17.7,a
2024-07-15,106,,17.7,a
2024-07-16,104,,17.8,a
2024-07-17,102,,17.6,a
2024-07-18,101,,17.7,a
2024-07-19,103,,17.8,a
2024-07-20,138,,17,a
2024-07-21,127,,15,a
2024-07-22,121,,15.5,a
2024-07-23,119,,16.2,a
2024-07-24,117,,15.8,a
2024-07-25,114,,15.7,a
2024-07-26,112,,16.4,a
2024-07-27,110,,17.1,a
2024-07-28,111,,17.5,a
2024-07-29,117,,15,a
2024-07-30,112,,15.6,a
2024-07-31,112,,16.3,a
2024-08-01,109,,16.2,a
2024-08-02,110,,16.8,a
2024-08-03,112,,15.8,a
2024-08-04,109,,16.2,a
2024-08-05,109,,16.5,a
2024-08-06,108,,16.8,a
2024-08-07,105,,17.2,a
2024-08-08,116,,18,a
2024-08-09,118,,17.6,a
2024-08-10,110,,17.4,a
2024-08-11,106,,17.6,a
2024-08-12,104,,17.8,a
2024-08-13,101,,17.9,a
2024-08-14,102,,17.4,a
2024-08-15,104,,17.3,a
2024-08-16,103,,17.7,a
2024-08-17,103,,17.8,a
2024-08-18,106,,17.9,a
2024-08-19,110,,17.4,a
2024-08-20,119,,18.5,a
2024-08-21,112,,17.3,a
2024-08-22,108,,17.3,a
2024-08-23,106,,17.5,a
2024-08-24,104,,17.9,a
2024-08-25,104,,18.1,a
2024-08-26,104,,18.1,a
2024-08-27,105,,17.3,a
2024-08-28,109,,17.9,a
2024-08-29,109,,18.2,a
2024-08-30,110,,18,a
2024-08-31,108,,17.9,a
2024-09-01,107,,17.9,a
2024-09-02,108,,17.8,a
2024-09-03,108,,17.6,a
2024-09-04,108,,17.6,a
2024-09-05,108,,17.3,a
2024-09-06,118,,17.4,a
2024-09-07,112,,16.7,a
2024-09-08,109,,16.8,a
2024-09-09,150,,16.1,a
2024-09-10,147,,12.8,a
2024-09-11,133,,12.6,a
2024-09-12,183,,13.9,a
2024-09-13,197,,12.8,a
2024-09-14,156,,12.2,a
2024-09-15,147,,12,a
2024-09-16,140,,12,a
2024-09-17,140,,12,a
2024-09-18,131,,11.7,a
2024-09-19,127,,12.2,a
2024-09-20,126,,12.4,a
2024-09-21,125,,12.6,a
2024-09-22,124,,12.4,a
2024-09-23,122,,12.7,a
2024-09-24,127,,13.5,a
2024-09-25,130,,13.1,a
2024-09-26,127,,12.7,a
2024-09-27,151,,11.8,a
2024-09-28,154,,10.7,a
2024-09-29,153,,10.5,a
2024-09-30,144,,9.9,a
2024-10-01,139,,10,a
2024-10-02,164,,10.9,a
2024-10-03,211,,11.2,a
2024-10-04,193,,10.8,a
2024-10-05,168,,10.7,a
2024-10-06,164,,10.8,a
2024-10-07,155,,10.7,a
2024-10-08,144,,11.2,a
2024-10-09,150,,11.7,a
2024-10-10,170,,11.3,a
2024-10-11,215,,11.8,a
2024-10-12,179,,11.3,a
2024-10-13,168,,11,a
2024-10-14,161,,11,a
2024-10-15,149,,11.2,a
2024-10-16,142,,11.5,a
2024-10-17,137,,11.3,a
2024-10-18,134,,11.3,a
2024-10-19,135,,11.3,a
2024-10-20,132,,11.5,a
2024-10-21,127,,11.2,a
2024-10-22,124,,11.6,a
2024-10-23,122,,12,a
2024-10-24,141,,12.2,a
2024-10-25,135,,12,a
2024-10-26,131,,12.2,a
2024-10-27,130,,12.3,a
2024-10-28,127,,12.2,a
2024-10-29,124,,12.3,a
2024-10-30,121,,11.9,a
2024-10-31,121,,11.8,a
2024-11-01,120,,11.6,a
2024-11-02,119,,11.4,a
2024-11-03,118,,11.4,a
2024-11-04,117,,10.7,a
2024-11-05,116,,10.2,a
2024-11-06,114,,10,a
2024-11-07,113,,10,a
2024-11-08,112,,10,a
2024-11-09,112,,10,a
2024-11-10,111,,9.9,a
2024-11-11,110,,9.8,a
2024-11-12,111,,9.5,a
2024-11-13,109,,9.4,a
2024-11-14,108,,9.2,a
2024-11-15,108,,9,a
2024-11-16,108,,8.9,a
2024-11-17,106,,8.8,a
2024-11-18,105,,9.1,a
2024-11-19,105,,9.7,a
2024-11-20,113,,10,a
2024-11-21,117,,8.8,a
2024-11-22,117,,7.7,a
2024-11-23,118,,7.4,a
2024-11-24,115,,7.6,a
2024-11-25,115,,8,a
2024-11-26,118,,8.7,a
2024-11-27,144,,8.8,a
2024-11-28,144,,8.9,a
2024-11-29,132,,8.6,a
2024-11-30,129,,8.2,a
2024-12-01,125,,7.8,a
2024-12-02,123,,8.1,a
2024-12-03,121,,8,a
2024-12-04,122,,8.2,a
2024-12-05,122,,8.1,a
2024-12-06,122,,7.3,a
2024-12-07,119,,7.1,a
2024-12-08,119,,7.4,a
2024-12-09,118,,7.8,a
2024-12-10,117,,8.1,a
2024-12-11,115,,8.1,a
2024-12-12,111,,8.7,a
2024-12-13,110,,8.6,a
2024-12-14,109,,8.4,a
2024-12-15,108,,8.1,a
2024-12-16,107,,8.2,a
2024-12-17,106,,8,a
2024-12-18,106,,8,a
2024-12-19,106,,8.2,a
2024-12-20,126,,7.7,a
2024-12-21,122,,6.5,a
2024-12-22,119,,6,a
2024-12-23,119,,6.3,a
2024-12-24,117,,6.4,a
2024-12-25,114,,6.8,a
2024-12-26,112,,6.3,a
2024-12-27,112,,6,a
2024-12-28,111,,6,a
2024-12-29,111,,6.1,a
2024-12-30,111,,6.1,a
2024-12-31,111,,6.1,a
2026-09-06,89.4,,17.5,m
2026-09-07,89,,17.1,m
2026-09-08,88.9,,17.4,m
2026-09-09,90,,17,m
2026-09-10,118.3,,16.4,m
2026-09-11,169.8,,13.7,m
2026-09-12,135.4,,13.3,m
2026-09-13,115.5,,13.4,m
2026-09-14,107.1,,14.7,m
2026-09-15,101.8,,15.1,m
2026-09-16,99.8,,14.9,m
2026-09-17,101.2,,14.7,m
2026-09-18,102.2,,14.4,m
2026-09-19,99.7,,14.9,m
2026-09-20,97.7,,15.2,m
2026-09-21,95.9,,14.9,m
2026-09-22,94.9,,14.3,m
2026-09-23,94.6,,13.5,m
2026-09-24,92.2,,13.8,m
2026-09-25,91.7,,13.9,m
2026-09-26,91.1,,13.8,m
2026-09-27,90.9,,14,m
2026-09-28,91.2,,14,m
2026-09-29,91.5,,14,m
2026-09-30,90.9,,14.1,m
2026-10-01,90.2,,13.9,m
2026-10-02,89.8,,13.5,m
2026-10-03,89.8,,13.1,m
2026-10-04,89.2,,12.9,m
2026-10-05,89.4,,12.8,m
2026-10-06,89.3,,13.3,m
2026-10-07,89.1,,13.5,m
2026-10-08,96.8,,14.6,m
2026-10-09,105.5,,13.3,m
2026-10-10,98.9,,12.9,m
