time,level,flow,temp
2026-10-01T00:00Z,36,0.49,13.1
2026-10-01T01:00Z,36,0.49,13
2026-10-01T02:00Z,36,0.49,12.8
2026-10-01T03:00Z,36,0.49,12.7
2026-10-01T04:00Z,36,0.49,12.5
2026-10-01T05:00Z,36,0.49,12.3
2026-10-01T06:00Z,36,0.49,12.2
2026-10-01T07:00Z,36,0.49,12.1
2026-10-01T08:00Z,36,0.49,12.2
2026-10-01T09:00Z,36,0.49,12.3
2026-10-01T10:00Z,36,0.49,12.5
2026-10-01T11:00Z,36,0.49,12.7
2026-10-01T12:00Z,36,0.49,12.9
2026-10-01T13:00Z,36,0.49,13.1
2026-10-01T14:00Z,36,0.49,13.3
2026-10-01T15:00Z,36,0.49,13.4
2026-10-01T16:00Z,36,0.49,13.5
2026-10-01T17:00Z,35,0.458,13.5
2026-10-01T18:00Z,36,0.49,13.5
2026-10-01T19:00Z,36,0.49,13.4
2026-10-01T20:00Z,36,0.49,13.4
2026-10-01T21:00Z,36,0.49,13.3
2026-10-01T22:00Z,36,0.49,13.1
2026-10-01T23:00Z,36,0.49,12.9
2026-10-02T00:00Z,36,0.49,12.7
2026-10-02T01:00Z,36,0.49,12.5
2026-10-02T02:00Z,36,0.49,12.4
2026-10-02T03:00Z,36,0.49,12.2
2026-10-02T04:00Z,36,0.49,12
2026-10-02T05:00Z,36,0.49,11.8
2026-10-02T06:00Z,36,0.49,11.7
2026-10-02T07:00Z,36,0.49,11.6
2026-10-02T08:00Z,36,0.49,11.6
2026-10-02T09:00Z,36,0.49,11.8
2026-10-02T10:00Z,36,0.49,11.9
2026-10-02T11:00Z,36,0.49,12.2
2026-10-02T12:00Z,36,0.49,12.4
2026-10-02T13:00Z,36,0.49,12.6
2026-10-02T14:00Z,36,0.49,12.8
2026-10-02T15:00Z,36,0.49,12.9
2026-10-02T16:00Z,36,0.49,13
2026-10-02T17:00Z,36,0.49,13
2026-10-02T18:00Z,36,0.49,13
2026-10-02T19:00Z,36,0.49,12.9
2026-10-02T20:00Z,36,0.49,12.9
2026-10-02T21:00Z,36,0.49,12.8
2026-10-02T22:00Z,36,0.49,12.6
2026-10-02T23:00Z,36,0.49,12.4
2026-10-03T00:00Z,36,0.49,12.3
2026-10-03T01:00Z,36,0.49,12.1
2026-10-03T02:00Z,35,0.458,11.9
2026-10-03T03:00Z,35,0.458,11.7
2026-10-03T04:00Z,35,0.458,11.6
2026-10-03T05:00Z,35,0.458,11.4
2026-10-03T06:00Z,35,0.458,11.2
2026-10-03T07:00Z,35,0.458,11.2
2026-10-03T08:00Z,35,0.458,11.2
2026-10-03T09:00Z,35,0.458,11.3
2026-10-03T10:00Z,35,0.458,11.5
2026-10-03T11:00Z,36,0.49,11.8
2026-10-03T12:00Z,36,0.49,12
2026-10-03T13:00Z,36,0.49,12.2
2026-10-03T14:00Z,36,0.49,12.4
2026-10-03T15:00Z,36,0.49,12.5
2026-10-03T16:00Z,36,0.49,12.6
2026-10-03T17:00Z,36,0.49,12.7
2026-10-03T18:00Z,36,0.49,12.6
2026-10-03T19:00Z,36,0.49,12.6
2026-10-03T20:00Z,36,0.49,12.6
2026-10-03T21:00Z,36,0.49,12.5
2026-10-03T22:00Z,36,0.49,12.3
2026-10-03T23:00Z,36,0.49,12.1
2026-10-04T00:00Z,36,0.49,11.9
2026-10-04T01:00Z,36,0.49,11.8
2026-10-04T02:00Z,36,0.49,11.6
2026-10-04T03:00Z,36,0.49,11.4
2026-10-04T04:00Z,36,0.49,11.2
2026-10-04T05:00Z,36,0.49,11
2026-10-04T06:00Z,36,0.49,10.8
2026-10-04T07:00Z,36,0.49,10.7
2026-10-04T08:00Z,36,0.49,10.8
2026-10-04T09:00Z,36,0.49,10.9
2026-10-04T10:00Z,36,0.49,11
2026-10-04T11:00Z,36,0.49,11.3
2026-10-04T12:00Z,36,0.49,11.5
2026-10-04T13:00Z,36,0.49,11.8
2026-10-04T14:00Z,36,0.49,12
2026-10-04T15:00Z,36,0.49,12.1
2026-10-04T16:00Z,36,0.49,12.2
2026-10-04T17:00Z,36,0.49,12.3
2026-10-04T18:00Z,36,0.49,12.3
2026-10-04T19:00Z,36,0.49,12.3
2026-10-04T20:00Z,36,0.49,12.2
2026-10-04T21:00Z,36,0.49,12.1
2026-10-04T22:00Z,36,0.49,12
2026-10-04T23:00Z,36,0.49,11.8
2026-10-05T00:00Z,36,0.49,11.6
2026-10-05T01:00Z,36,0.49,11.4
2026-10-05T02:00Z,36,0.49,11.3
2026-10-05T03:00Z,36,0.49,11.1
2026-10-05T04:00Z,36,0.49,11
2026-10-05T05:00Z,36,0.49,10.8
2026-10-05T06:00Z,36,0.49,10.7
2026-10-05T07:00Z,36,0.49,10.6
2026-10-05T08:00Z,36,0.49,10.6
2026-10-05T09:00Z,36,0.49,10.7
2026-10-05T10:00Z,36,0.49,10.9
2026-10-05T11:00Z,36,0.49,11.1
2026-10-05T12:00Z,36,0.49,11.3
2026-10-05T13:00Z,36,0.49,11.5
2026-10-05T14:00Z,36,0.49,11.7
2026-10-05T15:00Z,36,0.49,11.8
2026-10-05T16:00Z,36,0.49,11.9
2026-10-05T17:00Z,36,0.49,12
2026-10-05T18:00Z,36,0.49,12
2026-10-05T19:00Z,36,0.49,12
2026-10-05T19:50Z,36,0.49,12
2026-10-05T20:00Z,36,0.49,12
2026-10-05T20:10Z,36,0.49,12
2026-10-05T20:20Z,36,0.49,12
2026-10-05T20:30Z,36,0.49,12
2026-10-05T20:40Z,36,0.49,12
2026-10-05T20:50Z,36,0.49,11.9
2026-10-05T21:00Z,36,0.49,11.9
2026-10-05T21:10Z,36,0.49,11.9
2026-10-05T21:20Z,36,0.49,11.9
2026-10-05T21:30Z,36,0.49,11.9
2026-10-05T21:40Z,36,0.49,11.9
2026-10-05T21:50Z,36,0.49,11.9
2026-10-05T22:00Z,36,0.49,11.8
2026-10-05T22:10Z,36,0.49,11.8
2026-10-05T22:20Z,36,0.49,11.8
2026-10-05T22:30Z,36,0.49,11.8
2026-10-05T22:40Z,36,0.49,11.8
2026-10-05T22:50Z,36,0.49,11.8
2026-10-05T23:00Z,36,0.49,11.7
2026-10-05T23:10Z,36,0.49,11.7
2026-10-05T23:20Z,36,0.49,11.7
2026-10-05T23:30Z,36,0.49,11.7
2026-10-05T23:40Z,36,0.49,11.7
2026-10-05T23:50Z,36,0.49,11.7
2026-10-06T00:00Z,36,0.49,11.6
2026-10-06T00:10Z,36,0.49,11.6
2026-10-06T00:20Z,36,0.49,11.6
2026-10-06T00:30Z,36,0.49,11.5
2026-10-06T00:40Z,36,0.49,11.5
2026-10-06T00:50Z,36,0.49,11.5
2026-10-06T01:00Z,36,0.49,11.5
2026-10-06T01:10Z,36,0.49,11.4
2026-10-06T01:20Z,36,0.49,11.4
2026-10-06T01:30Z,36,0.49,11.4
2026-10-06T01:40Z,36,0.49,11.4
2026-10-06T01:50Z,36,0.49,11.4
2026-10-06T02:00Z,36,0.49,11.3
2026-10-06T02:10Z,36,0.49,11.3
2026-10-06T02:20Z,36,0.49,11.3
2026-10-06T02:30Z,36,0.49,11.3
2026-10-06T02:40Z,36,0.49,11.2
2026-10-06T02:50Z,36,0.49,11.2
2026-10-06T03:00Z,36,0.49,11.2
2026-10-06T03:10Z,36,0.49,11.1
2026-10-06T03:20Z,36,0.49,11.1
2026-10-06T03:30Z,36,0.49,11.1
2026-10-06T03:40Z,36,0.49,11.1
2026-10-06T03:50Z,36,0.49,11.1
2026-10-06T04:00Z,36,0.49,11
2026-10-06T04:10Z,36,0.49,11
2026-10-06T04:20Z,36,0.49,11
2026-10-06T04:30Z,36,0.49,11
2026-10-06T04:40Z,36,0.49,10.9
2026-10-06T04:50Z,36,0.49,10.9
2026-10-06T05:00Z,36,0.49,10.9
2026-10-06T05:10Z,36,0.49,10.9
2026-10-06T05:20Z,36,0.49,10.9
2026-10-06T05:30Z,36,0.49,10.9
2026-10-06T05:40Z,36,0.49,10.9
2026-10-06T05:50Z,36,0.49,10.8
2026-10-06T06:00Z,36,0.49,10.8
2026-10-06T06:10Z,36,0.49,10.8
2026-10-06T06:20Z,35,0.458,10.8
2026-10-06T06:30Z,36,0.49,10.8
2026-10-06T06:40Z,35,0.458,10.8
2026-10-06T06:50Z,35,0.458,10.8
2026-10-06T07:00Z,35,0.458,10.8
2026-10-06T07:10Z,35,0.458,10.8
2026-10-06T07:20Z,35,0.458,10.8
2026-10-06T07:30Z,35,0.458,10.8
2026-10-06T07:40Z,35,0.458,10.8
2026-10-06T07:50Z,35,0.458,10.8
2026-10-06T08:00Z,35,0.458,10.8
2026-10-06T08:10Z,36,0.49,10.8
2026-10-06T08:20Z,36,0.49,10.8
2026-10-06T08:30Z,36,0.49,10.8
2026-10-06T08:40Z,36,0.49,10.8
2026-10-06T08:50Z,36,0.49,10.8
2026-10-06T09:00Z,36,0.49,10.8
2026-10-06T09:10Z,36,0.49,10.9
2026-10-06T09:20Z,36,0.49,10.9
2026-10-06T09:30Z,36,0.49,11
2026-10-06T09:40Z,36,0.49,11
2026-10-06T09:50Z,36,0.49,11
2026-10-06T10:00Z,36,0.49,11.1
2026-10-06T10:10Z,36,0.49,11.1
2026-10-06T10:20Z,36,0.49,11.2
2026-10-06T10:30Z,36,0.49,11.2
2026-10-06T10:40Z,36,0.49,11.2
2026-10-06T10:50Z,36,0.49,11.3
2026-10-06T11:00Z,36,0.49,11.3
2026-10-06T11:10Z,36,0.49,11.3
2026-10-06T11:20Z,36,0.49,11.3
2026-10-06T11:30Z,36,0.49,11.3
2026-10-06T11:40Z,36,0.49,11.3
2026-10-06T11:50Z,36,0.49,11.4
2026-10-06T12:00Z,36,0.49,11.4
2026-10-06T12:10Z,36,0.49,11.4
2026-10-06T12:20Z,36,0.49,11.4
2026-10-06T12:30Z,36,0.49,11.4
2026-10-06T12:40Z,36,0.49,11.4
2026-10-06T12:50Z,36,0.49,11.5
2026-10-06T13:00Z,36,0.49,11.5
2026-10-06T13:10Z,36,0.49,11.5
2026-10-06T13:20Z,36,0.49,11.6
2026-10-06T13:30Z,36,0.49,11.6
2026-10-06T13:40Z,36,0.49,11.7
2026-10-06T13:50Z,36,0.49,11.7
2026-10-06T14:00Z,36,0.49,11.7
2026-10-06T14:10Z,36,0.49,11.8
2026-10-06T14:20Z,36,0.49,11.8
2026-10-06T14:30Z,36,0.49,11.8
2026-10-06T14:40Z,36,0.49,11.8
2026-10-06T14:50Z,36,0.49,11.9
2026-10-06T15:00Z,36,0.49,11.9
2026-10-06T15:10Z,36,0.49,11.9
2026-10-06T15:20Z,36,0.49,11.9
2026-10-06T15:30Z,36,0.49,11.9
2026-10-06T15:40Z,36,0.49,11.9
2026-10-06T15:50Z,36,0.49,12
2026-10-06T16:00Z,36,0.49,12
2026-10-06T16:10Z,36,0.49,12
2026-10-06T16:20Z,35,0.458,12
2026-10-06T16:30Z,36,0.49,12
2026-10-06T16:40Z,35,0.458,12
2026-10-06T16:50Z,35,0.458,12
2026-10-06T17:00Z,35,0.458,12
2026-10-06T17:10Z,35,0.458,12
2026-10-06T17:20Z,35,0.458,12
2026-10-06T17:30Z,35,0.458,12
2026-10-06T17:40Z,35,0.458,12
2026-10-06T17:50Z,35,0.458,12
2026-10-06T18:00Z,35,0.458,12
2026-10-06T18:10Z,35,0.458,12
2026-10-06T18:20Z,35,0.458,12
2026-10-06T18:30Z,36,0.49,12
2026-10-06T18:40Z,36,0.49,12.1
2026-10-06T18:50Z,36,0.49,12.1
2026-10-06T19:00Z,36,0.49,12.1
2026-10-06T19:10Z,36,0.49,12.1
2026-10-06T19:20Z,36,0.49,12.1
2026-10-06T19:30Z,36,0.49,12.1
2026-10-06T19:40Z,36,0.49,12.1
2026-10-06T19:50Z,36,0.49,12.1
2026-10-06T20:00Z,36,0.49,12.1
2026-10-06T20:10Z,36,0.49,12.1
2026-10-06T20:20Z,36,0.49,12.1
2026-10-06T20:30Z,36,0.49,12.1
2026-10-06T20:40Z,36,0.49,12.1
2026-10-06T20:50Z,36,0.49,12.1
2026-10-06T21:00Z,36,0.49,12.1
2026-10-06T21:10Z,36,0.49,12.1
2026-10-06T21:20Z,36,0.49,12.1
2026-10-06T21:30Z,36,0.49,12.1
2026-10-06T21:40Z,36,0.49,12
2026-10-06T21:50Z,36,0.49,12
2026-10-06T22:00Z,36,0.49,12
2026-10-06T22:10Z,36,0.49,12
2026-10-06T22:20Z,36,0.49,12
2026-10-06T22:30Z,36,0.49,12
2026-10-06T22:40Z,36,0.49,12
2026-10-06T22:50Z,36,0.49,12
2026-10-06T23:00Z,36,0.49,12
2026-10-06T23:10Z,36,0.49,12
2026-10-06T23:20Z,36,0.49,11.9
2026-10-06T23:30Z,36,0.49,11.9
2026-10-06T23:40Z,36,0.49,11.9
2026-10-06T23:50Z,36,0.49,11.9
2026-10-07T00:00Z,36,0.49,11.9
2026-10-07T00:10Z,36,0.49,11.9
2026-10-07T00:20Z,36,0.49,11.9
2026-10-07T00:30Z,36,0.49,11.8
2026-10-07T00:40Z,36,0.49,11.8
2026-10-07T00:50Z,36,0.49,11.8
2026-10-07T01:00Z,36,0.49,11.8
2026-10-07T01:10Z,36,0.49,11.8
2026-10-07T01:20Z,36,0.49,11.8
2026-10-07T01:30Z,36,0.49,11.8
2026-10-07T01:40Z,36,0.49,11.7
2026-10-07T01:50Z,36,0.49,11.7
2026-10-07T02:00Z,36,0.49,11.7
2026-10-07T02:10Z,36,0.49,11.7
2026-10-07T02:20Z,36,0.49,11.7
2026-10-07T02:30Z,36,0.49,11.7
2026-10-07T02:40Z,36,0.49,11.7
2026-10-07T02:50Z,36,0.49,11.6
2026-10-07T03:00Z,36,0.49,11.6
2026-10-07T03:10Z,36,0.49,11.6
2026-10-07T03:20Z,36,0.49,11.6
2026-10-07T03:30Z,36,0.49,11.5
2026-10-07T03:40Z,36,0.49,11.5
2026-10-07T03:50Z,36,0.49,11.5
2026-10-07T04:00Z,36,0.49,11.5
2026-10-07T04:10Z,36,0.49,11.5
2026-10-07T04:20Z,36,0.49,11.4
2026-10-07T04:30Z,36,0.49,11.4
2026-10-07T04:40Z,36,0.49,11.4
2026-10-07T04:50Z,36,0.49,11.4
2026-10-07T05:00Z,36,0.49,11.4
2026-10-07T05:10Z,36,0.49,11.4
2026-10-07T05:20Z,36,0.49,11.3
2026-10-07T05:30Z,36,0.49,11.3
2026-10-07T05:40Z,36,0.49,11.3
2026-10-07T05:50Z,36,0.49,11.3
2026-10-07T06:00Z,36,0.49,11.3
2026-10-07T06:10Z,36,0.49,11.3
2026-10-07T06:20Z,36,0.49,11.3
2026-10-07T06:30Z,36,0.49,11.3
2026-10-07T06:40Z,36,0.49,11.3
2026-10-07T06:50Z,36,0.49,11.2
2026-10-07T07:00Z,36,0.49,11.3
2026-10-07T07:10Z,36,0.49,11.3
2026-10-07T07:20Z,36,0.49,11.3
2026-10-07T07:30Z,36,0.49,11.3
2026-10-07T07:40Z,36,0.49,11.3
2026-10-07T07:50Z,36,0.49,11.3
2026-10-07T08:00Z,36,0.49,11.3
2026-10-07T08:10Z,36,0.49,11.3
2026-10-07T08:20Z,36,0.49,11.3
2026-10-07T08:30Z,36,0.49,11.3
2026-10-07T08:40Z,36,0.49,11.4
2026-10-07T08:50Z,36,0.49,11.4
2026-10-07T09:00Z,36,0.49,11.4
2026-10-07T09:10Z,36,0.49,11.5
2026-10-07T09:20Z,36,0.49,11.5
2026-10-07T09:30Z,36,0.49,11.5
2026-10-07T09:40Z,36,0.49,11.6
2026-10-07T09:50Z,36,0.49,11.6
2026-10-07T10:00Z,36,0.49,11.6
2026-10-07T10:10Z,36,0.49,11.7
2026-10-07T10:20Z,36,0.49,11.7
2026-10-07T10:30Z,36,0.49,11.7
2026-10-07T10:40Z,36,0.49,11.8
2026-10-07T10:50Z,36,0.49,11.8
2026-10-07T11:00Z,36,0.49,11.8
2026-10-07T11:10Z,36,0.49,11.9
2026-10-07T11:20Z,36,0.49,11.9
2026-10-07T11:30Z,36,0.49,11.9
2026-10-07T11:40Z,36,0.49,12
2026-10-07T11:50Z,36,0.49,12
2026-10-07T12:00Z,36,0.49,12
2026-10-07T12:10Z,36,0.49,12.1
2026-10-07T12:20Z,36,0.49,12.1
2026-10-07T12:30Z,36,0.49,12.1
2026-10-07T12:40Z,36,0.49,12.2
2026-10-07T12:50Z,36,0.49,12.2
2026-10-07T13:00Z,36,0.49,12.2
2026-10-07T13:10Z,36,0.49,12.3
2026-10-07T13:20Z,36,0.49,12.3
2026-10-07T13:30Z,36,0.49,12.3
2026-10-07T13:40Z,36,0.49,12.4
2026-10-07T13:50Z,36,0.49,12.4
2026-10-07T14:00Z,36,0.49,12.4
2026-10-07T14:10Z,36,0.49,12.5
2026-10-07T14:20Z,36,0.49,12.5
2026-10-07T14:30Z,36,0.49,12.5
2026-10-07T14:40Z,36,0.49,12.5
2026-10-07T14:50Z,36,0.49,12.6
2026-10-07T15:00Z,36,0.49,12.6
2026-10-07T15:10Z,36,0.49,12.6
2026-10-07T15:20Z,35,0.458,12.6
2026-10-07T15:30Z,35,0.458,12.6
2026-10-07T15:40Z,35,0.458,12.6
2026-10-07T15:50Z,35,0.458,12.6
2026-10-07T16:00Z,35,0.458,12.6
2026-10-07T16:10Z,35,0.458,12.6
2026-10-07T16:20Z,35,0.458,12.7
2026-10-07T16:30Z,35,0.458,12.7
2026-10-07T16:40Z,35,0.458,12.7
2026-10-07T16:50Z,36,0.49,12.7
2026-10-07T17:00Z,36,0.49,12.7
2026-10-07T17:10Z,36,0.49,12.7
2026-10-07T17:20Z,37,0.526,12.7
2026-10-07T17:30Z,37,0.526,12.7
2026-10-07T17:40Z,37,0.526,12.7
2026-10-07T17:50Z,37,0.526,12.7
2026-10-07T18:00Z,36,0.49,12.7
2026-10-07T18:10Z,36,0.49,12.7
2026-10-07T18:20Z,36,0.49,12.8
2026-10-07T18:30Z,36,0.49,12.8
2026-10-07T18:40Z,36,0.49,12.8
2026-10-07T18:50Z,36,0.49,12.8
2026-10-07T19:00Z,36,0.49,12.8
2026-10-07T19:10Z,36,0.49,12.8
2026-10-07T19:20Z,36,0.49,12.9
2026-10-07T19:30Z,36,0.49,12.9
2026-10-07T19:40Z,36,0.49,12.9
2026-10-07T19:50Z,36,0.49,12.9
2026-10-07T20:00Z,36,0.49,12.9
2026-10-07T20:10Z,36,0.49,12.9
2026-10-07T20:20Z,36,0.49,12.9
2026-10-07T20:30Z,36,0.49,12.9
2026-10-07T20:40Z,36,0.49,12.9
2026-10-07T20:50Z,36,0.49,12.9
2026-10-07T21:00Z,36,0.49,12.8
2026-10-07T21:10Z,36,0.49,12.8
2026-10-07T21:20Z,36,0.49,12.8
2026-10-07T21:30Z,36,0.49,12.8
2026-10-07T21:40Z,36,0.49,12.8
2026-10-07T21:50Z,36,0.49,12.8
2026-10-07T22:00Z,36,0.49,12.8
2026-10-07T22:10Z,36,0.49,12.8
2026-10-07T22:20Z,36,0.49,12.8
2026-10-07T22:30Z,36,0.49,12.8
2026-10-07T22:40Z,36,0.49,12.8
2026-10-07T22:50Z,36,0.49,12.8
2026-10-07T23:00Z,36,0.49,12.8
2026-10-07T23:10Z,36,0.49,12.8
2026-10-07T23:20Z,36,0.49,12.8
2026-10-07T23:30Z,36,0.49,12.8
2026-10-07T23:40Z,36,0.49,12.8
2026-10-07T23:50Z,36,0.49,12.8
2026-10-08T00:00Z,36,0.49,12.8
2026-10-08T00:10Z,36,0.49,12.8
2026-10-08T00:20Z,36,0.49,12.7
2026-10-08T00:30Z,36,0.49,12.7
2026-10-08T00:40Z,36,0.49,12.7
2026-10-08T00:50Z,36,0.49,12.7
2026-10-08T01:00Z,36,0.49,12.7
2026-10-08T01:10Z,36,0.49,12.7
2026-10-08T01:20Z,36,0.49,12.7
2026-10-08T01:30Z,36,0.49,12.7
2026-10-08T01:40Z,36,0.49,12.7
2026-10-08T01:50Z,36,0.49,12.7
2026-10-08T02:00Z,36,0.49,12.7
2026-10-08T02:10Z,36,0.49,12.7
2026-10-08T02:20Z,36,0.49,12.7
2026-10-08T02:30Z,36,0.49,12.7
2026-10-08T02:40Z,36,0.49,12.7
2026-10-08T02:50Z,36,0.49,12.7
2026-10-08T03:00Z,36,0.49,12.7
2026-10-08T03:10Z,36,0.49,12.7
2026-10-08T03:20Z,37,0.526,12.7
2026-10-08T03:30Z,37,0.526,12.7
2026-10-08T03:40Z,37,0.526,12.7
2026-10-08T03:50Z,37,0.526,12.7
2026-10-08T04:00Z,37,0.526,12.7
2026-10-08T04:10Z,37,0.526,12.7
2026-10-08T04:20Z,37,0.526,12.7
2026-10-08T04:30Z,37,0.526,12.7
2026-10-08T04:40Z,36,0.49,12.7
2026-10-08T04:50Z,36,0.49,12.7
2026-10-08T05:00Z,37,0.526,12.7
2026-10-08T05:10Z,37,0.526,12.7
2026-10-08T05:20Z,37,0.526,12.7
2026-10-08T05:30Z,37,0.526,12.7
2026-10-08T05:40Z,37,0.526,12.7
2026-10-08T05:50Z,37,0.526,12.7
2026-10-08T06:00Z,38,0.564,12.7
2026-10-08T06:10Z,38,0.564,12.7
2026-10-08T06:20Z,39,0.606,12.8
2026-10-08T06:30Z,39,0.606,12.8
2026-10-08T06:40Z,39,0.606,12.8
2026-10-08T06:50Z,39,0.606,12.8
2026-10-08T07:00Z,38,0.564,12.8
2026-10-08T07:10Z,38,0.564,12.8
2026-10-08T07:20Z,38,0.564,12.8
2026-10-08T07:30Z,39,0.606,12.8
2026-10-08T07:40Z,38,0.564,12.8
2026-10-08T07:50Z,38,0.564,12.8
2026-10-08T08:00Z,38,0.564,12.8
2026-10-08T08:10Z,38,0.564,12.8
2026-10-08T08:20Z,38,0.564,12.9
2026-10-08T08:30Z,38,0.564,12.9
2026-10-08T08:40Z,39,0.606,12.9
2026-10-08T08:50Z,39,0.606,12.9
2026-10-08T09:00Z,39,0.606,12.9
2026-10-08T09:10Z,39,0.606,12.9
2026-10-08T09:20Z,39,0.606,12.9
2026-10-08T09:30Z,39,0.606,13
2026-10-08T09:40Z,39,0.606,13
2026-10-08T09:50Z,40,0.651,13.1
2026-10-08T10:00Z,40,0.651,13.1
2026-10-08T10:10Z,40,0.651,13.1
2026-10-08T10:20Z,40,0.651,13.2
2026-10-08T10:30Z,40,0.651,13.2
2026-10-08T10:40Z,40,0.651,13.2
2026-10-08T10:50Z,40,0.651,13.2
2026-10-08T11:00Z,41,0.698,13.3
2026-10-08T11:10Z,41,0.698,13.3
2026-10-08T11:20Z,41,0.698,13.3
2026-10-08T11:30Z,41,0.698,13.3
2026-10-08T11:40Z,42,0.749,13.4
2026-10-08T11:50Z,42,0.749,13.4
2026-10-08T12:00Z,42,0.749,13.4
2026-10-08T12:10Z,42,0.749,13.4
2026-10-08T12:20Z,42,0.749,13.5
2026-10-08T12:30Z,43,0.804,13.5
2026-10-08T12:40Z,43,0.804,13.6
2026-10-08T12:50Z,44,0.861,13.6
2026-10-08T13:00Z,44,0.861,13.6
2026-10-08T13:10Z,44,0.861,13.6
2026-10-08T13:20Z,44,0.861,13.7
2026-10-08T13:30Z,44,0.861,13.7
2026-10-08T13:40Z,44,0.861,13.7
2026-10-08T13:50Z,44,0.861,13.8
2026-10-08T14:00Z,44,0.861,13.8
2026-10-08T14:10Z,44,0.861,13.9
2026-10-08T14:20Z,44,0.861,13.9
2026-10-08T14:30Z,45,0.921,13.9
2026-10-08T14:40Z,45,0.921,13.9
2026-10-08T14:50Z,45,0.921,14
2026-10-08T15:00Z,45,0.921,14
2026-10-08T15:10Z,45,0.921,14
2026-10-08T15:20Z,45,0.921,14
2026-10-08T15:30Z,46,0.985,14
2026-10-08T15:40Z,46,0.985,14
2026-10-08T15:50Z,46,0.985,14.1
2026-10-08T16:00Z,46,0.985,14
2026-10-08T16:10Z,46,0.985,14
2026-10-08T16:20Z,46,0.985,14
2026-10-08T16:30Z,46,0.985,14
2026-10-08T16:40Z,47,1.05,14
2026-10-08T16:50Z,47,1.05,14
2026-10-08T17:00Z,47,1.05,14.1
2026-10-08T17:10Z,47,1.05,14
2026-10-08T17:20Z,47,1.05,14
2026-10-08T17:30Z,47,1.05,14
2026-10-08T17:40Z,48,1.12,14
2026-10-08T17:50Z,48,1.12,14
2026-10-08T18:00Z,49,1.19,14
2026-10-08T18:10Z,49,1.19,14
2026-10-08T18:20Z,50,1.27,14
2026-10-08T18:30Z,50,1.27,14
2026-10-08T18:40Z,50,1.27,14
2026-10-08T18:50Z,50,1.27,14
2026-10-08T19:00Z,51,1.35,14
2026-10-08T19:10Z,51,1.35,14
2026-10-08T19:20Z,51,1.35,14
2026-10-08T19:30Z,51,1.35,14
2026-10-08T19:40Z,51,1.35,14
2026-10-08T19:50Z,52,1.43,14
2026-10-08T20:00Z,51,1.35,14
2026-10-08T20:10Z,52,1.43,14
2026-10-08T20:20Z,52,1.43,14
2026-10-08T20:30Z,52,1.43,14
2026-10-08T20:40Z,52,1.43,13.9
2026-10-08T20:50Z,52,1.43,14
2026-10-08T21:00Z,52,1.43,14
2026-10-08T21:10Z,52,1.43,14
2026-10-08T21:20Z,52,1.43,14
2026-10-08T21:30Z,52,1.43,14
2026-10-08T21:40Z,51,1.35,14
2026-10-08T21:50Z,51,1.35,14
2026-10-08T22:00Z,51,1.35,14
2026-10-08T22:10Z,51,1.35,14
2026-10-08T22:20Z,51,1.35,14
2026-10-08T22:30Z,51,1.35,14
2026-10-08T22:40Z,52,1.43,14
2026-10-08T22:50Z,52,1.43,14
2026-10-08T23:00Z,51,1.35,14
2026-10-08T23:10Z,51,1.35,14
2026-10-08T23:20Z,52,1.43,14
2026-10-08T23:30Z,51,1.35,14
2026-10-08T23:40Z,51,1.35,14
2026-10-08T23:50Z,51,1.35,14
2026-10-09T00:00Z,51,1.35,14
2026-10-09T00:10Z,51,1.35,14
2026-10-09T00:20Z,51,1.35,14
2026-10-09T00:30Z,51,1.35,14
2026-10-09T00:40Z,51,1.35,14
2026-10-09T00:50Z,51,1.35,14
2026-10-09T01:00Z,51,1.35,14
2026-10-09T01:10Z,51,1.35,14
2026-10-09T01:20Z,51,1.35,14
2026-10-09T01:30Z,50,1.27,14
2026-10-09T01:40Z,50,1.27,14
2026-10-09T01:50Z,50,1.27,13.9
2026-10-09T02:00Z,50,1.27,13.9
2026-10-09T02:10Z,50,1.27,13.9
2026-10-09T02:20Z,50,1.27,13.9
2026-10-09T02:30Z,50,1.27,13.9
2026-10-09T02:40Z,50,1.27,13.9
2026-10-09T02:50Z,50,1.27,13.9
2026-10-09T03:00Z,50,1.27,13.9
2026-10-09T03:10Z,50,1.27,13.9
2026-10-09T03:20Z,49,1.19,13.9
2026-10-09T03:30Z,49,1.19,13.9
2026-10-09T03:40Z,49,1.19,13.9
2026-10-09T03:50Z,49,1.19,13.9
2026-10-09T04:00Z,49,1.19,13.9
2026-10-09T04:10Z,49,1.19,13.9
2026-10-09T04:20Z,49,1.19,13.9
2026-10-09T04:30Z,49,1.19,13.9
2026-10-09T04:40Z,49,1.19,13.9
2026-10-09T04:50Z,49,1.19,13.9
2026-10-09T05:00Z,49,1.19,13.9
2026-10-09T05:10Z,48,1.12,13.9
2026-10-09T05:20Z,48,1.12,13.9
2026-10-09T05:30Z,48,1.12,13.9
2026-10-09T05:40Z,48,1.12,14
2026-10-09T05:50Z,48,1.12,13.9
2026-10-09T06:00Z,48,1.12,13.9
2026-10-09T06:10Z,48,1.12,13.9
2026-10-09T06:20Z,48,1.12,13.9
2026-10-09T06:30Z,48,1.12,14
2026-10-09T06:40Z,48,1.12,14
2026-10-09T06:50Z,48,1.12,13.9
2026-10-09T07:00Z,48,1.12,14
2026-10-09T07:10Z,48,1.12,14
2026-10-09T07:20Z,47,1.05,14
2026-10-09T07:30Z,47,1.05,14
2026-10-09T07:40Z,47,1.05,14
2026-10-09T07:50Z,47,1.05,14
2026-10-09T08:00Z,47,1.05,14
2026-10-09T08:10Z,47,1.05,14
2026-10-09T08:20Z,47,1.05,14
2026-10-09T08:30Z,47,1.05,14
2026-10-09T08:40Z,47,1.05,14
2026-10-09T08:50Z,47,1.05,14
2026-10-09T09:00Z,47,1.05,14
2026-10-09T09:10Z,47,1.05,14
2026-10-09T09:20Z,47,1.05,14
2026-10-09T09:30Z,46,0.985,14
2026-10-09T09:40Z,46,0.985,14
2026-10-09T09:50Z,46,0.985,14
2026-10-09T10:00Z,46,0.985,14
2026-10-09T10:10Z,46,0.985,14
2026-10-09T10:20Z,46,0.985,14
2026-10-09T10:30Z,46,0.985,14
2026-10-09T10:40Z,46,0.985,14
2026-10-09T10:50Z,46,0.985,14
2026-10-09T11:00Z,46,0.985,14
2026-10-09T11:10Z,46,0.985,14
2026-10-09T11:20Z,46,0.985,14
2026-10-09T11:30Z,46,0.985,14
2026-10-09T11:40Z,46,0.985,14
2026-10-09T11:50Z,46,0.985,14
2026-10-09T12:00Z,46,0.985,14
2026-10-09T12:10Z,45,0.921,14
2026-10-09T12:20Z,45,0.921,14
2026-10-09T12:30Z,45,0.921,14
2026-10-09T12:40Z,45,0.921,14
2026-10-09T12:50Z,45,0.921,14
2026-10-09T13:00Z,45,0.921,14
2026-10-09T13:10Z,45,0.921,14
2026-10-09T13:20Z,45,0.921,14
2026-10-09T13:30Z,45,0.921,14
2026-10-09T13:40Z,45,0.921,14
2026-10-09T13:50Z,45,0.921,14
2026-10-09T14:00Z,45,0.921,13.9
2026-10-09T14:10Z,45,0.921,13.9
2026-10-09T14:20Z,45,0.921,13.9
2026-10-09T14:30Z,44,0.861,13.9
2026-10-09T14:40Z,44,0.861,13.9
2026-10-09T14:50Z,44,0.861,13.9
2026-10-09T15:00Z,44,0.861,13.9
2026-10-09T15:10Z,44,0.861,13.9
2026-10-09T15:20Z,44,0.861,13.9
2026-10-09T15:30Z,44,0.861,13.9
2026-10-09T15:40Z,44,0.861,13.9
2026-10-09T15:50Z,44,0.861,13.9
2026-10-09T16:00Z,44,0.861,13.9
2026-10-09T16:10Z,44,0.861,13.9
2026-10-09T16:20Z,44,0.861,13.9
2026-10-09T16:30Z,44,0.861,13.9
2026-10-09T16:40Z,44,0.861,13.9
2026-10-09T16:50Z,44,0.861,13.9
2026-10-09T17:00Z,44,0.861,13.9
2026-10-09T17:10Z,44,0.861,13.9
2026-10-09T17:20Z,44,0.861,13.8
2026-10-09T17:30Z,44,0.861,13.8
2026-10-09T17:40Z,44,0.861,13.8
2026-10-09T17:50Z,44,0.861,13.8
2026-10-09T18:00Z,44,0.861,13.8
2026-10-09T18:10Z,44,0.861,13.8
2026-10-09T18:20Z,44,0.861,13.8
2026-10-09T18:30Z,44,0.861,13.8
2026-10-09T18:40Z,44,0.861,13.8
2026-10-09T18:50Z,44,0.861,13.8
2026-10-09T19:00Z,44,0.861,13.8
2026-10-09T19:10Z,43,0.804,13.7
2026-10-09T19:20Z,43,0.804,13.8
2026-10-09T19:30Z,43,0.804,13.7
2026-10-09T19:40Z,43,0.804,13.7
2026-10-09T19:50Z,43,0.804,13.7
2026-10-09T20:00Z,43,0.804,13.7
2026-10-09T20:10Z,43,0.804,13.7
2026-10-09T20:20Z,43,0.804,13.7
2026-10-09T20:30Z,43,0.804,13.7
2026-10-09T20:40Z,43,0.804,13.7
2026-10-09T20:50Z,43,0.804,13.7
2026-10-09T21:00Z,43,0.804,13.7
2026-10-09T21:10Z,43,0.804,13.6
2026-10-09T21:20Z,43,0.804,13.6
2026-10-09T21:30Z,43,0.804,13.6
2026-10-09T21:40Z,43,0.804,13.6
2026-10-09T21:50Z,43,0.804,13.6
2026-10-09T22:00Z,43,0.804,13.6
2026-10-09T22:10Z,43,0.804,13.6
2026-10-09T22:20Z,43,0.804,13.6
2026-10-09T22:30Z,43,0.804,13.6
2026-10-09T22:40Z,43,0.804,13.6
2026-10-09T22:50Z,43,0.804,13.6
2026-10-09T23:00Z,43,0.804,13.6
2026-10-09T23:10Z,43,0.804,13.5
2026-10-09T23:20Z,43,0.804,13.5
2026-10-09T23:30Z,43,0.804,13.5
2026-10-09T23:40Z,43,0.804,13.5
2026-10-09T23:50Z,43,0.804,13.5
2026-10-10T00:00Z,43,0.804,13.5
2026-10-10T00:10Z,43,0.804,13.5
2026-10-10T00:20Z,43,0.804,13.5
2026-10-10T00:30Z,42,0.749,13.5
2026-10-10T00:40Z,42,0.749,13.5
2026-10-10T00:50Z,42,0.749,13.5
2026-10-10T01:00Z,42,0.749,13.4
2026-10-10T01:10Z,42,0.749,13.4
2026-10-10T01:20Z,42,0.749,13.4
2026-10-10T01:30Z,42,0.749,13.4
2026-10-10T01:40Z,42,0.749,13.4
2026-10-10T01:50Z,42,0.749,13.4
2026-10-10T02:00Z,42,0.749,13.4
2026-10-10T02:10Z,42,0.749,13.4
2026-10-10T02:20Z,42,0.749,13.3
2026-10-10T02:30Z,42,0.749,13.3
2026-10-10T02:40Z,42,0.749,13.3
2026-10-10T02:50Z,42,0.749,13.3
2026-10-10T03:00Z,42,0.749,13.3
2026-10-10T03:10Z,42,0.749,13.3
2026-10-10T03:20Z,42,0.749,13.3
2026-10-10T03:30Z,42,0.749,13.3
2026-10-10T03:40Z,42,0.749,13.3
2026-10-10T03:50Z,42,0.749,13.2
2026-10-10T04:00Z,42,0.749,13.2
2026-10-10T04:10Z,42,0.749,13.2
2026-10-10T04:20Z,42,0.749,13.2
2026-10-10T04:30Z,42,0.749,13.2
2026-10-10T04:40Z,42,0.749,13.2
2026-10-10T04:50Z,42,0.749,13.2
2026-10-10T05:00Z,42,0.749,13.1
2026-10-10T05:10Z,42,0.749,13.1
2026-10-10T05:20Z,42,0.749,13.1
2026-10-10T05:30Z,42,0.749,13.1
2026-10-10T05:40Z,42,0.749,13.1
2026-10-10T05:50Z,42,0.749,13.1
2026-10-10T06:00Z,42,0.749,13.1
2026-10-10T06:10Z,42,0.749,13
2026-10-10T06:20Z,41,0.698,13.1
2026-10-10T06:30Z,42,0.749,13
2026-10-10T06:40Z,41,0.698,13
2026-10-10T06:50Z,41,0.698,13
2026-10-10T07:00Z,41,0.698,13
2026-10-10T07:10Z,41,0.698,13
2026-10-10T07:20Z,41,0.698,13
2026-10-10T07:30Z,41,0.698,13
2026-10-10T07:40Z,41,0.698,13
2026-10-10T07:50Z,41,0.698,13
2026-10-10T08:00Z,41,0.698,13
2026-10-10T08:10Z,41,0.698,13
2026-10-10T08:20Z,41,0.698,13
2026-10-10T08:30Z,41,0.698,13
2026-10-10T08:40Z,41,0.698,13
2026-10-10T08:50Z,41,0.698,13
2026-10-10T09:00Z,41,0.698,13
2026-10-10T09:10Z,41,0.698,13
2026-10-10T09:20Z,41,0.698,13.1
2026-10-10T09:30Z,41,0.698,13.1
2026-10-10T09:40Z,41,0.698,13.1
2026-10-10T09:50Z,41,0.698,13.1
2026-10-10T10:00Z,41,0.698,13.1
2026-10-10T10:10Z,41,0.698,13.2
2026-10-10T10:20Z,41,0.698,13.2
2026-10-10T10:30Z,41,0.698,13.2
2026-10-10T10:40Z,41,0.698,13.2
2026-10-10T10:50Z,41,0.698,13.2
2026-10-10T11:00Z,41,0.698,13.2
2026-10-10T11:10Z,41,0.698,13.3
2026-10-10T11:20Z,41,0.698,13.3
2026-10-10T11:30Z,41,0.698,13.3
2026-10-10T11:40Z,41,0.698,13.3
2026-10-10T11:50Z,41,0.698,13.3
2026-10-10T12:00Z,41,0.698,13.4
2026-10-10T12:10Z,41,0.698,13.4
2026-10-10T12:20Z,41,0.698,13.4
2026-10-10T12:30Z,41,0.698,13.4
2026-10-10T12:40Z,41,0.698,13.4
2026-10-10T12:50Z,41,0.698,13.4
2026-10-10T13:00Z,41,0.698,13.4
2026-10-10T13:10Z,41,0.698,13.4
2026-10-10T13:20Z,41,0.698,13.4
2026-10-10T13:30Z,41,0.698,13.5
2026-10-10T13:40Z,41,0.698,13.5
2026-10-10T13:50Z,41,0.698,13.5
2026-10-10T14:00Z,41,0.698,13.5
2026-10-10T14:10Z,41,0.698,13.5
2026-10-10T14:20Z,41,0.698,13.5
2026-10-10T14:30Z,41,0.698,13.5
2026-10-10T14:40Z,41,0.698,13.5
2026-10-10T14:50Z,41,0.698,13.5
2026-10-10T15:00Z,41,0.698,13.5
2026-10-10T15:10Z,40,0.651,13.6
2026-10-10T15:20Z,40,0.651,13.6
2026-10-10T15:30Z,40,0.651,13.6
2026-10-10T15:40Z,40,0.651,13.6
2026-10-10T15:50Z,40,0.651,13.6
2026-10-10T16:00Z,40,0.651,13.6
2026-10-10T16:10Z,40,0.651,13.6
2026-10-10T16:20Z,40,0.651,13.6
2026-10-10T16:30Z,40,0.651,13.6
2026-10-10T16:40Z,40,0.651,13.6
2026-10-10T16:50Z,40,0.651,13.6
2026-10-10T17:00Z,40,0.651,13.6
2026-10-10T17:10Z,40,0.651,13.6
2026-10-10T17:20Z,40,0.651,13.6
